,Portfolio_Returns,ExRm,SMB,HML,rf,MOM,Stim_Portfolio_Returns,USREC
1965-12-31,-0.002174,0.0101,0.0206,0.0203,0.0033,0.0012,-0.005474,0
1966-01-31,0.021978,0.0072,0.0384,0.0356,0.0038,0.0539,0.018178,0
1966-02-28,-0.021505,-0.0121,0.044,0.0033,0.0035,0.0457,-0.025005,0
1966-03-31,-0.057143,-0.0251,0.0099,-0.0198,0.0038,0.0142,-0.060943,0
1966-04-30,0.02353,0.0214,0.0343,-0.0046,0.0034,0.0628,0.02013,0
1966-05-31,-0.0574709999999999,-0.0566,-0.046,-0.0163,0.0041,-0.047,-0.0615709999999999,0
1966-06-30,0.082927,-0.0144,0.0103,0.005,0.0038,0.0325,0.079127,0
1966-07-31,-0.113637,-0.0163,-0.0036,0.0095,0.0035,-0.0134,-0.117137,0
1966-08-31,-0.102563,-0.0791,-0.0327,0.0043,0.0041,-0.0214,-0.10666300000000001,0
1966-09-30,-0.060001,-0.0106,-0.0104,0.0056,0.004,-0.0184,-0.064001,0
1966-10-31,0.0,0.0386,-0.0652,0.0269,0.0045,-0.0526,-0.0045,0
1966-11-30,0.015385,0.014,0.0424,-0.0469,0.004,0.0572,0.011385,0
1966-12-31,0.045454,0.0013,0.0197,-0.0119,0.004,0.0106,0.041454000000000005,0
1967-02-28,-0.01087,0.0078,0.0335,-0.0222,0.0036,0.0352,-0.01447,0
1967-03-31,0.2417589999999999,0.0399,0.0155,0.0037,0.0039,0.0153,0.2378589999999999,0
1967-04-30,0.035398,0.0389,0.0063,-0.0248,0.0032,0.0059,0.032198,0
1967-05-31,-0.060345,-0.0433,0.019,0.0109,0.0033,0.0072,-0.06364500000000001,0
1967-06-30,0.293572,0.0241,0.0593,0.0085,0.0027,0.06,0.290872,0
1967-07-31,-0.007092,0.0458,0.0312,0.0273,0.0031,-0.0107,-0.010192,0
1967-08-31,-0.043162,-0.0089,0.0042,0.0144,0.0031,-0.0138,-0.046262,0
1967-09-30,0.022553,0.0311,0.0306,-0.025,0.0032,0.0252,0.019353,0
1967-10-31,0.30294,-0.0309,0.0146,-0.033,0.0039,0.0367,0.29904,0
1967-11-30,-0.005684,0.0037,0.0021,-0.017,0.0036,0.0126,-0.009284,0
1967-12-31,0.01143,0.0305,0.0573,-0.0053,0.0033,0.0325,0.008129999999999998,0
1968-01-31,-0.128807,-0.0406,0.0392,0.048,0.004,-0.047,-0.132807,0
1968-02-29,-0.0751635,-0.0375,-0.0294,0.0128,0.0039,-0.0343,-0.0790635,0
1968-03-31,0.017374,0.002,-0.0134,-0.0059,0.0038,0.0323,0.013574000000000001,0
1968-04-30,0.1425615,0.0905,0.0568,-0.0113,0.0043,0.0509,0.1382615,0
1968-05-31,0.1365015,0.0228,0.064,0.0085,0.0045,0.038,0.1320015,0
1968-06-30,0.0355845,0.0069,-0.0019,0.0073,0.0043,-0.019,0.0312845,0
1968-07-31,-0.045827999999999994,-0.0272,-0.0136,0.0539,0.0048,-0.0088,-0.05062799999999999,0
1968-08-31,0.16017299999999998,0.0134,0.0234,0.0101,0.0042,0.0189,0.15597299999999997,0
1968-09-30,-0.0915995,0.0403,0.028,0.003,0.0043,-0.0065,-0.0958995,0
1968-10-31,0.09911299999999999,0.0042,-0.0048,0.0286,0.0044,-0.0146,0.09471299999999999,0
1968-11-30,0.0335975,0.0543,0.0234,-0.0092,0.0042,0.0175,0.029397500000000003,0
1968-12-31,-0.034012,-0.0394,0.0337,-0.0001,0.0043,-0.0001,-0.038312,0
1969-01-31,0.023237,-0.0125,-0.0074,0.0167,0.0053,-0.0017,0.017937,0
1969-02-28,-0.073171,-0.0584,-0.0392,0.0091,0.0046,-0.0236,-0.077771,0
1969-03-31,-0.0568385,0.0264,-0.003,-0.0051,0.0046,0.0397,-0.0614385,0
1969-04-30,-0.07788999999999996,0.0146,-0.0086,-0.0003,0.0053,0.0113,-0.08318999999999996,0
1969-05-31,0.08092300000000001,-0.001,-0.0021,0.007,0.0048,0.017,0.07612300000000001,0
1969-06-30,-0.14920650000000002,-0.0718,-0.0537,-0.0108,0.0051,-0.023,-0.1543065,0
1969-07-31,-0.123684,-0.07,-0.0324,0.012,0.0053,0.0171,-0.12898400000000002,0
1969-08-31,0.015625,0.0468,0.0093,-0.0379,0.005,0.0217,0.010624999999999999,0
1969-09-30,-0.006155499999999998,-0.0298,0.0118,-0.0327,0.0062,0.0252,-0.012355499999999998,0
1969-10-31,0.0431135,0.0506,0.0391,-0.0316,0.006,-0.0431,0.0371135,0
1969-11-30,0.002880499999999994,-0.0379,-0.0258,-0.0119,0.0052,0.0366,-0.0023195000000000056,0
1969-12-31,-0.122609,-0.0263,-0.0371,-0.0286,0.0064,0.0496,-0.12900899999999998,0
1970-01-31,-0.011794500000000003,-0.081,0.0293,0.0313,0.006,0.006,-0.017794500000000005,1
1970-02-28,-0.0041665,0.0513,-0.0258,0.0393,0.0062,0.0023,-0.0103665,1
1970-03-31,0.061816999999999955,-0.0106,-0.0232,0.0399,0.0057,-0.0036,0.05611699999999996,1
1970-04-30,-0.1295705,-0.11,-0.0615,0.0618,0.005,-0.0077,-0.1345705,1
1970-05-31,-0.0494085,-0.0692,-0.0459,0.0333,0.0053,-0.0278,-0.0547085,1
1970-06-30,-0.123077,-0.0579,-0.0213,0.006,0.0058,0.057,-0.12887700000000002,1
1970-07-31,0.1066125,0.0693,-0.005,0.009,0.0052,-0.0314,0.1014125,1
1970-08-31,-0.026473,0.0449,0.0152,0.0115,0.0053,-0.0655,-0.031773,1
1970-09-30,0.0818185,0.0418,0.0859,-0.0547,0.0054,-0.088,0.0764185,1
1970-10-31,-0.03338349999999995,-0.0228,-0.0421,0.0022,0.0046,0.0942,-0.03798349999999995,1
1970-11-30,0.1398475,0.046,-0.0394,0.0169,0.0046,0.0273,0.13524750000000002,1
1970-12-31,-0.058068,0.0572,0.0292,0.01,0.0042,-0.0223,-0.062268000000000004,0
1971-01-31,0.15000049999999998,0.0484,0.0736,0.0133,0.0038,-0.0651,0.14620049999999998,0
1971-02-28,-0.039871000000000004,0.0141,0.0186,-0.0123,0.0033,0.0079,-0.043171,0
1971-03-31,0.10877200000000001,0.0413,0.0262,-0.0395,0.003,-0.0141,0.105772,0
1971-04-30,0.1021205,0.0315,-0.0049,0.0069,0.0028,0.0141,0.0993205,0
1971-05-31,0.013787,-0.0398,-0.0104,-0.0144,0.0029,0.0086,0.010887,0
1971-06-30,0.0407735,-0.001,-0.0147,-0.0187,0.0037,0.0273,0.037073499999999995,0
1971-07-31,0.0468995,-0.045,-0.0148,0.0002,0.004,-0.0235,0.04289949999999999,0
1971-08-31,0.07325999999999995,0.0379,-0.0017,0.0263,0.0047,0.0361,0.06855999999999995,0
1971-09-30,-0.0448595,-0.0085,0.0051,-0.0291,0.0037,0.0212,-0.0485595,0
1971-10-31,0.0081975,-0.0442,-0.0176,-0.0048,0.0037,0.0047,0.0044975,0
1971-11-30,0.03765400000000001,-0.0046,-0.0277,-0.0168,0.0037,0.0151,0.033954000000000005,0
1971-12-31,0.009852499999999998,0.0871,0.0329,-0.004,0.0037,-0.0058,0.006152499999999998,0
1972-01-31,0.1315305,0.0249,0.0585,0.0224,0.0029,0.0017,0.12863049999999998,0
1972-02-29,-0.020707,0.0287,0.013,-0.0279,0.0025,0.0254,-0.023207,0
1972-03-31,-0.08164199999999999,0.0063,-0.0024,-0.0161,0.0027,0.0294,-0.08434199999999999,0
1972-04-30,-0.059287999999999945,0.0029,0.0011,0.0012,0.0029,0.0281,-0.062187999999999945,0
1972-05-31,0.097938,0.0125,-0.0269,-0.027,0.003,0.0329,0.094938,0
1972-06-30,-0.0413795,-0.0243,0.0027,-0.0248,0.0029,0.019,-0.0442795,0
1972-07-31,-0.054855999999999946,-0.008,-0.0287,0.0066,0.0031,0.0275,-0.057955999999999945,0
1972-08-31,0.1203705,0.0326,-0.0403,0.0454,0.0029,-0.054,0.1174705,0
1972-09-30,0.047039500000000005,-0.0114,-0.0265,0.0046,0.0034,0.0182,0.043639500000000005,0
1972-10-31,0.05898699999999995,0.0052,-0.0273,0.0134,0.004,0.0071,0.05498699999999995,0
1972-11-30,0.051977999999999996,0.046,-0.012,0.0485,0.0037,-0.0509,0.048277999999999995,0
1972-12-31,0.008045999999999998,0.0062,-0.0195,-0.0219,0.0037,0.0492,0.0043459999999999974,0
1973-01-31,-0.0931225,-0.0329,-0.0349,0.0268,0.0044,0.0373,-0.0975225,0
1973-02-28,-0.1187085,-0.0485,-0.0387,0.016,0.0041,0.0216,-0.1228085,0
1973-03-31,-0.05759799999999995,-0.013,-0.0282,0.0262,0.0046,0.0359,-0.06219799999999995,0
1973-04-30,-0.12565599999999996,-0.0568,-0.0385,0.0541,0.0052,0.0636,-0.13085599999999997,0
1973-05-31,-0.03380949999999995,-0.0294,-0.063,0.0041,0.0051,0.0714,-0.03890949999999995,0
1973-06-30,0.019388000000000002,-0.0157,-0.0286,0.012,0.0051,0.043,0.014288000000000002,0
1973-07-31,-0.0173915,0.0505,0.0797,-0.0531,0.0064,-0.1157,-0.0237915,0
1973-08-31,0.0,-0.0382,-0.0213,0.0124,0.007,0.0346,-0.007,0
1973-09-30,-0.029502999999999995,0.0475,0.0304,0.0201,0.0068,-0.07,-0.036302999999999995,0
1973-10-31,0.035555500000000004,-0.0083,-0.0045,0.0194,0.0065,0.0687,0.029055500000000005,0
1973-11-30,-0.16195700000000002,-0.1275,-0.0767,0.0387,0.0056,0.0866,-0.167557,0
1973-12-31,-0.13622249999999994,0.0061,-0.0535,0.0385,0.0064,0.1038,-0.14262249999999993,1
1974-01-31,0.216129,-0.0017,0.0968,0.0602,0.0063,-0.0885,0.209829,1
1974-02-28,0.002137000000000052,-0.0047,-0.0018,0.0281,0.0058,0.0032,-0.0036629999999999475,1
1974-03-31,0.1340685,-0.0281,0.026,-0.0032,0.0056,-0.0105,0.1284685,1
1974-04-30,-0.0977275,-0.0529,-0.0074,0.0085,0.0075,0.0211,-0.1052275,1
1974-05-31,-0.153467,-0.0468,-0.0296,-0.0202,0.0075,-0.0039,-0.160967,1
1974-06-30,-0.06350849999999994,-0.0283,-0.0017,0.0077,0.006,0.0231,-0.06950849999999995,1
1974-07-31,-0.07954099999999995,-0.0805,0.0084,0.0516,0.007,0.0311,-0.08654099999999995,1
1974-08-31,-0.07083300000000001,-0.0935,-0.0073,0.0264,0.006,0.03,-0.07683300000000001,1
1974-09-30,-0.16103050000000002,-0.1177,0.0027,0.0558,0.0081,0.0424,-0.16913050000000002,1
1974-10-31,0.301052,0.161,-0.0346,-0.0987,0.0051,-0.0054,0.295952,1
1974-11-30,-0.077651,-0.0451,-0.0121,-0.002,0.0054,0.0213,-0.083051,1
1974-12-31,-0.12611699999999995,-0.0345,-0.0483,0.0011,0.007,0.0292,-0.13311699999999996,1
1975-02-28,-0.0507015,0.0556,0.0016,-0.0444,0.0043,-0.0061,-0.055001499999999995,1
1975-03-31,0.1483655,0.0266,0.0378,0.0238,0.0041,-0.0204,0.14426550000000002,1
1975-04-30,-0.050786,0.0423,-0.0065,-0.0114,0.0044,0.0138,-0.055186,0
1975-05-31,0.1157405,0.0519,0.0383,-0.041,0.0044,-0.0058,0.1113405,0
1975-06-30,0.1970205,0.0483,0.0087,0.0138,0.0041,0.0004,0.1929205,0
1975-07-31,-0.0852245,-0.0659,0.027,0.0169,0.0048,0.0042,-0.0900245,0
1975-08-31,-0.0547445,-0.0285,-0.0325,-0.0095,0.0048,-0.001,-0.0595445,0
1975-09-30,-0.031201000000000007,-0.0426,-0.001,0.0039,0.0053,0.0041,-0.036501000000000006,0
1975-10-31,0.108407,0.0531,-0.0403,0.0028,0.0056,-0.0016,0.10280700000000001,0
1975-11-30,0.045207000000000004,0.0264,-0.012,0.0203,0.0041,-0.0045,0.041107000000000005,0
1975-12-31,-0.22071249999999998,-0.016,-0.0078,0.0169,0.0048,-0.0011,-0.22551249999999998,0
1976-01-31,0.253174,0.1216,0.0481,0.0863,0.0047,0.0445,0.248474,0
1976-02-29,0.070271,0.0032,0.0706,0.0587,0.0034,0.0038,0.066871,0
1976-03-31,-0.0934905,0.0232,-0.0116,-0.0012,0.004,0.0015,-0.09749050000000001,0
1976-04-30,0.0811935,-0.0149,-0.0011,-0.0016,0.0042,0.0059,0.0769935,0
1976-05-31,-0.17191849999999995,-0.0134,-0.0123,-0.0136,0.0037,-0.0112,-0.17561849999999996,0
1976-06-30,-0.04545449999999995,0.0405,-0.0132,0.0071,0.0043,-0.0042,-0.04975449999999995,0
1976-07-31,0.016666000000000007,-0.0107,0.0029,0.0173,0.0047,-0.0013,0.011966000000000008,0
1976-08-31,-0.048986,-0.0056,-0.02,0.0081,0.0042,-0.0085,-0.053186000000000004,0
1976-09-30,-0.036967499999999945,0.0207,-0.0002,-0.0029,0.0044,0.0022,-0.041367499999999946,0
1976-10-31,-0.06486549999999995,-0.0242,0.0022,-0.0018,0.0041,-0.0044,-0.06896549999999996,0
1976-11-30,-0.0277775,0.0036,0.0232,0.0151,0.004,0.0291,-0.0317775,0
1976-12-31,0.028169,0.0565,0.0303,0.0227,0.004,0.0073,0.024169,0
1977-01-31,0.017861000000000002,-0.0405,0.0476,0.0427,0.0036,0.04,0.014261000000000003,0
1977-02-28,-0.0717595,-0.0194,0.0104,0.0047,0.0035,0.0036,-0.07525950000000001,0
1977-03-31,0.09761300000000005,-0.0137,0.01,0.0109,0.0038,0.0055,0.09381300000000005,0
1977-04-30,-0.066079,0.0015,-0.0012,0.0338,0.0038,0.0421,-0.069879,0
1977-05-31,0.03968249999999995,-0.0145,0.0118,0.0085,0.0037,0.0203,0.035982499999999945,0
1977-06-30,0.102941,0.0471,0.0209,-0.0074,0.004,0.0166,0.098941,0
1977-07-31,0.0986665,-0.0169,0.0216,-0.0056,0.0042,0.0032,0.09446650000000001,0
1977-08-31,-0.2004505,-0.0175,0.0148,-0.027,0.0044,-0.017,-0.2048505,0
1977-09-30,0.0975995,-0.0027,0.0134,-0.0052,0.0043,0.02,0.09329950000000001,0
1977-10-31,0.18627849999999999,-0.0438,0.0125,0.0175,0.0049,-0.0008,0.1813785,0
1977-11-30,0.054395,0.04,0.0373,0.0026,0.005,0.0201,0.049395,0
1977-12-31,-0.01721600000000005,0.0027,0.0132,-0.0029,0.0049,0.0158,-0.022116000000000052,0
1978-01-31,0.037195,-0.0601,0.0224,0.0336,0.0049,-0.0066,0.032295,0
1978-02-28,-0.0169045,-0.0138,0.0359,0.0083,0.0046,0.0197,-0.0215045,0
1978-03-31,0.219635,0.0285,0.0349,0.0118,0.0053,0.0137,0.214335,0
1978-04-30,0.1709275,0.0788,0.0045,-0.0354,0.0054,0.0086,0.16552750000000002,0
1978-05-31,-0.004585499999999999,0.0176,0.0456,-0.0052,0.0051,0.0283,-0.0096855,0
1978-06-30,0.052195500000000006,-0.0169,0.0166,0.0057,0.0054,0.0274,0.046795500000000004,0
1978-07-31,-0.034159999999999996,0.0511,0.0023,-0.0115,0.0056,0.0417,-0.03976,0
1978-08-31,0.023238999999999947,0.0375,0.0506,-0.0051,0.0056,0.0283,0.017638999999999946,0
1978-09-30,0.015509,-0.0143,-0.0043,0.0189,0.0062,-0.0314,0.009309000000000001,0
1978-10-31,-0.3083055,-0.1191,-0.0986,0.0138,0.0068,-0.0846,-0.3151055,0
1978-11-30,0.164956,0.0271,0.0297,-0.0215,0.007,0.0545,0.15795599999999999,0
1978-12-31,-0.0203605,0.0088,0.0129,-0.0213,0.0078,0.0303,-0.028160499999999998,0
1979-01-31,0.10169199999999995,0.0423,0.0362,0.0219,0.0077,-0.0136,0.09399199999999995,0
1979-02-28,-0.0437505,-0.0356,0.0045,0.0117,0.0073,-0.0106,-0.0510505,0
1979-03-31,-0.07297749999999995,0.0568,0.0326,-0.0071,0.0081,0.0293,-0.08107749999999994,0
1979-04-30,-0.04383,-0.0006,0.0215,0.0112,0.008,0.0081,-0.05183,0
1979-05-31,0.053247500000000045,-0.0221,0.0021,0.0131,0.0082,-0.0054,0.045047500000000046,0
1979-06-30,-0.048309,0.0385,0.0117,0.0144,0.0081,0.0084,-0.056409,0
1979-07-31,-0.04125,0.0082,0.0128,0.0186,0.0077,-0.0107,-0.04895,0
1979-08-31,0.15,0.0553,0.0205,-0.0158,0.0077,-0.002,0.14229999999999998,0
1979-09-30,-0.05128199999999995,-0.0082,-0.0027,-0.009,0.0083,0.0528,-0.059581999999999954,0
1979-10-31,-0.12542,-0.081,-0.0337,-0.0184,0.0087,0.0201,-0.13412000000000002,0
1979-11-30,0.125417,0.0521,0.0287,-0.0329,0.0099,0.0814,0.115517,0
1979-12-31,0.04242399999999995,0.0179,0.0417,-0.021,0.0095,0.0478,0.032923999999999946,0
1980-01-31,0.069772,0.0551,0.0162,0.0175,0.008,0.0755,0.061772,0
1980-02-29,-0.1088235,-0.0122,-0.0185,0.0061,0.0089,0.0788,-0.11772350000000001,1
1980-03-31,-0.10555599999999996,-0.129,-0.0664,-0.0101,0.0121,-0.0955,-0.11765599999999996,1
1980-04-30,0.0359375,0.0397,0.0105,0.0106,0.0126,-0.0043,0.023337499999999997,1
1980-05-31,0.0038130000000000507,0.0526,0.0213,0.0038,0.0081,-0.0112,-0.004286999999999949,1
1980-06-30,0.1517315,0.0306,0.0166,-0.0076,0.0061,0.0162,0.1456315,1
1980-07-31,0.16226899999999994,0.0649,0.0414,-0.0641,0.0053,0.0039,0.15696899999999994,1
1980-08-31,0.21780349999999996,0.018,0.0392,-0.026,0.0064,0.0321,0.21140349999999997,0
1980-09-30,0.005047000000000001,0.0219,0.0098,-0.0459,0.0075,0.0539,-0.0024529999999999986,0
1980-10-31,0.09041499999999994,0.0106,0.0247,-0.0276,0.0095,0.073,0.08091499999999995,0
1980-11-30,0.122072,0.0959,-0.0336,-0.0833,0.0096,0.1522,0.112472,0
1980-12-31,-0.004838999999999949,-0.0452,-0.0026,0.0279,0.0131,-0.0668,-0.017938999999999948,0
1981-01-31,0.0262755,-0.0504,0.0292,0.0672,0.0104,-0.0795,0.0158755,0
1981-02-28,0.0632595,0.0057,-0.0034,0.0102,0.0107,-0.0135,0.052559499999999995,0
1981-03-31,-0.0077985,0.0356,0.0354,0.0064,0.0121,0.0074,-0.0198985,0
1981-04-30,0.140301,-0.0211,0.044,0.0228,0.0108,-0.0091,0.129501,0
1981-05-31,0.0869565,0.0011,0.02,-0.0042,0.0115,0.037,0.07545650000000001,0
1981-06-30,0.113538,-0.0236,-0.0083,0.0513,0.0135,-0.0581,0.100038,0
1981-07-31,-0.052420999999999995,-0.0154,-0.0219,-0.005,0.0124,-0.0245,-0.06482099999999999,0
1981-08-31,-0.11648700000000001,-0.0704,-0.0195,0.0476,0.0128,-0.0115,-0.129287,1
1981-09-30,-0.019444499999999997,-0.0717,-0.0265,0.0517,0.0124,0.0195,-0.0318445,1
1981-10-31,0.176144,0.0492,0.0223,-0.0421,0.0121,0.0401,0.164044,1
1981-11-30,-0.0183525,0.0336,-0.0103,0.0183,0.0107,-0.0027,-0.029052500000000002,1
1981-12-31,-0.114127,-0.0365,0.012,0.0081,0.0087,0.013,-0.122827,1
1982-01-31,0.013899499999999948,-0.0324,-0.0128,0.0319,0.008,0.0172,0.005899499999999948,1
1982-02-28,-0.060816499999999996,-0.0586,0.0044,0.0605,0.0092,0.0488,-0.0700165,1
1982-03-31,0.032923999999999995,-0.0187,-0.0021,0.0381,0.0098,0.0296,0.023123999999999995,1
1982-04-30,0.28861800000000004,0.0327,0.0147,-0.027,0.0113,-0.004,0.27731800000000006,1
1982-05-31,-0.0593715,-0.0399,0.0052,0.0175,0.0106,0.025,-0.0699715,1
1982-06-30,-0.038608500000000004,-0.0309,-0.004,0.0153,0.0096,0.0496,-0.0482085,1
1982-07-31,0.129509,-0.0319,0.0083,0.0009,0.0105,0.0445,0.11900900000000002,1
1982-08-31,-0.036838499999999996,0.1114,-0.0414,0.0095,0.0076,-0.0352,-0.0444385,1
1982-09-30,-0.004717,0.0129,0.0295,0.0028,0.0051,0.0419,-0.009817,1
1982-10-31,-0.0328465,0.113,0.0234,-0.0366,0.0059,0.0018,-0.0387465,1
1982-11-30,0.022560999999999998,0.0467,0.0467,-0.0187,0.0063,0.0595,0.016260999999999998,1
1982-12-31,0.049149000000000005,0.0055,-0.0022,-0.0002,0.0067,0.0004,0.04244900000000001,0
1983-01-31,0.019355,0.036,0.0273,-0.0075,0.0069,-0.0173,0.012455,0
1983-02-28,0.0234375,0.0259,0.0327,0.007,0.0062,0.0377,0.0172375,0
1983-03-31,0.1187365,0.0282,0.0173,0.0202,0.0063,0.0092,0.1124365,0
1983-04-30,0.026458999999999948,0.0667,0.005,0.0049,0.0071,0.0172,0.019358999999999946,0
1983-05-31,0.035129999999999995,0.0052,0.0624,-0.014,0.0069,-0.0156,0.028229999999999995,0
1983-06-30,0.041935,0.0307,0.0095,-0.039,0.0067,0.018,0.035235,0
1983-07-31,-0.0349945,-0.0407,0.015,0.0562,0.0074,-0.0313,-0.0423945,0
1983-08-31,-0.017187,-0.005,-0.0428,0.0554,0.0076,-0.0543,-0.024787,0
1983-09-30,0.0349845,0.0091,0.0061,0.0101,0.0076,-0.0003,0.027384500000000003,0
1983-10-31,-0.0577305,-0.0344,-0.0357,0.0497,0.0076,-0.0452,-0.0653305,0
1983-11-30,-0.16179649999999998,0.0216,0.0201,-0.0072,0.007,-0.0013,-0.1687965,0
1983-12-31,0.011178500000000001,-0.0178,-0.0027,0.0173,0.0073,0.0084,0.003878500000000001,0
1984-01-31,-0.038329,-0.0192,-0.0038,0.0758,0.0076,-0.0256,-0.045929000000000005,0
1984-02-29,0.0364585,-0.0482,-0.0169,0.0333,0.0071,0.0022,0.029358499999999996,0
1984-03-31,-0.045793,0.0063,0.0007,0.0046,0.0073,0.0107,-0.053093,0
1984-04-30,0.0825455,-0.0051,-0.0116,0.012,0.0081,0.0207,0.0744455,0
1984-05-31,-0.0983945,-0.0597,0.0006,0.0031,0.0078,0.0151,-0.1061945,0
1984-06-30,-0.0192675,0.0182,-0.003,-0.0266,0.0075,-0.007,-0.0267675,0
1984-07-31,-0.04265650000000001,-0.0274,-0.0221,0.0036,0.0082,0.0285,-0.050856500000000006,0
1984-08-31,0.1123875,0.1028,-0.0024,-0.0182,0.0083,-0.0559,0.1040875,0
1984-09-30,-0.004732500000000049,-0.008,0.0017,0.0528,0.0086,0.0362,-0.01333250000000005,0
1984-10-31,0.005146999999999999,-0.0084,-0.0123,0.0045,0.01,0.0316,-0.004853000000000001,0
1984-11-30,-0.071978,-0.0176,-0.0065,0.0406,0.0073,0.0164,-0.079278,0
1984-12-31,-0.0072465,0.0184,-0.0056,-0.0026,0.0064,0.0149,-0.0136465,0
1985-01-31,0.013970999999999999,0.0799,0.0331,-0.0535,0.0065,-0.0682,0.007470999999999999,0
1985-02-28,-0.01641450000000005,0.0122,0.0079,-0.001,0.0058,0.0188,-0.02221450000000005,0
1985-03-31,0.08333349999999995,-0.0084,-0.0108,0.0407,0.0062,0.0158,0.07713349999999995,0
1985-04-30,-0.06702399999999994,-0.0096,0.0014,0.0372,0.0072,0.0304,-0.07422399999999994,0
1985-05-31,0.037742,0.0509,-0.0222,-0.0096,0.0066,0.0399,0.031141999999999996,0
1985-06-30,0.0279065,0.0127,0.0052,0.0038,0.0055,0.0357,0.022406500000000003,0
1985-07-31,0.033234,-0.0074,0.0284,-0.0162,0.0062,-0.0391,0.027034,0
1985-08-31,0.0243595,-0.0102,-0.003,0.0232,0.0055,0.0185,0.0188595,0
1985-09-30,-0.027912,-0.0454,-0.0159,0.0129,0.006,0.0151,-0.033912,0
1985-10-31,0.018598500000000004,0.0402,-0.0151,0.0075,0.0065,0.0488,0.012098500000000005,0
1985-11-30,0.07849249999999995,0.0648,0.0025,-0.0285,0.0061,-0.0047,0.07239249999999996,0
1985-12-31,0.0670715,0.0388,-0.0051,-0.0154,0.0065,-0.0023,0.06057150000000001,0
1986-01-31,0.0078945,0.0065,0.0121,0.0044,0.0056,0.03,0.0022945000000000005,0
1986-02-28,0.1299265,0.0713,-0.0054,-0.0072,0.0053,0.0276,0.1246265,0
1986-03-31,0.035638500000000004,0.0488,-0.0059,-0.0039,0.006,0.0241,0.029638500000000005,0
1986-04-30,-0.0664555,-0.0131,0.0278,-0.0287,0.0052,-0.0037,-0.0716555,0
1986-05-31,0.040685499999999944,0.0462,-0.0135,-0.0021,0.0049,0.0205,0.03578549999999994,0
1986-06-30,0.077347,0.0103,-0.0096,0.0128,0.0052,0.0507,0.072147,0
1986-07-31,-0.0189655,-0.0645,-0.0336,0.047,0.0052,0.0183,-0.0241655,0
1986-08-31,-0.0872125,0.0607,-0.0417,0.0351,0.0046,-0.0528,-0.09181249999999999,0
1986-09-30,-0.12155399999999994,-0.086,0.0236,0.0322,0.0045,-0.0579,-0.12605399999999994,0
1986-10-31,0.063889,0.0466,-0.025,-0.0142,0.0046,0.0446,0.059289,0
1986-11-30,0.03436249999999995,0.0117,-0.0191,-0.0007,0.0039,-0.0026,0.030462499999999948,0
1986-12-31,0.013889,-0.0327,0.0013,0.0036,0.0049,0.0035,0.008989,0
1987-01-31,0.003643499999999999,0.1247,-0.0181,-0.0316,0.0042,0.022,-0.0005565000000000006,0
1987-02-28,0.14424599999999999,0.0439,0.0349,-0.0591,0.0043,-0.0207,0.139946,0
1987-03-31,-0.0115665,0.0164,0.0045,0.0161,0.0047,0.0168,-0.0162665,0
1987-04-30,-0.041702,-0.0211,-0.0169,-0.0039,0.0044,0.0022,-0.046102000000000004,0
1987-05-31,0.021928999999999997,0.0011,-0.005,0.0023,0.0038,-0.0074,0.018128999999999996,0
1987-06-30,0.018352999999999953,0.0394,-0.0212,0.0104,0.0048,-0.0025,0.013552999999999954,0
1987-07-31,0.0522895,0.0385,-0.0069,0.0068,0.0046,0.0272,0.0476895,0
1987-08-31,-0.03139900000000005,0.0352,-0.0077,-0.0093,0.0047,-0.0086,-0.036099000000000055,0
1987-09-30,0.0607905,-0.0259,0.0054,0.0027,0.0045,0.0077,0.0562905,0
1987-10-31,-0.329219,-0.2324,-0.0843,0.0424,0.006,-0.0786,-0.335219,0
1987-11-30,0.0714285,-0.0777,0.0272,0.0295,0.0035,-0.0117,0.0679285,0
1987-12-31,-0.019345,0.0681,0.0013,-0.0443,0.0039,0.0587,-0.023245000000000002,0
1988-01-31,0.031190000000000002,0.0421,-0.0072,0.0501,0.0029,-0.0724,0.028290000000000003,0
1988-02-29,0.09153399999999995,0.0475,0.0334,-0.0171,0.0046,-0.0147,0.08693399999999996,0
1988-03-31,0.061404,-0.0227,0.0615,0.0073,0.0044,0.0058,0.057004,0
1988-04-30,0.11267049999999999,0.0056,0.01,0.0167,0.0046,0.0224,0.10807049999999999,0
1988-05-31,0.029131999999999953,-0.0029,-0.026,0.0242,0.0051,0.0063,0.024031999999999953,0
1988-06-30,0.061123,0.0479,0.0211,-0.0124,0.0049,-0.0293,0.056222999999999995,0
1988-07-31,-0.04188,-0.0125,-0.0025,0.0222,0.0051,0.0066,-0.04698,0
1988-08-31,-0.0026680000000000037,-0.0331,0.0004,0.0215,0.0059,0.0035,-0.008568000000000003,0
1988-09-30,0.018011,0.033,-0.0131,-0.0075,0.0062,0.0027,0.011810999999999999,0
1988-10-31,-0.0346095,0.0115,-0.0293,0.0205,0.0061,0.0133,-0.0407095,0
1988-11-30,-0.02261399999999995,-0.0229,-0.0172,0.0141,0.0057,0.0033,-0.02831399999999995,0
1988-12-31,-0.022964,0.0149,0.0195,-0.0169,0.0063,0.0049,-0.029264,0
1989-01-31,0.061166999999999944,0.061,-0.0223,0.006,0.0055,-0.0016,0.055666999999999946,0
1989-02-28,-0.01846549999999995,-0.0225,0.0282,0.0101,0.0061,0.0099,-0.024565499999999952,0
1989-03-31,-0.0132575,0.0157,0.0067,0.0058,0.0067,0.0351,-0.0199575,0
1989-04-30,0.13457550000000001,0.0433,-0.0068,-0.0142,0.0067,0.0177,0.1278755,0
1989-05-31,-0.003633,0.0335,-0.0005,-0.0088,0.0079,0.0152,-0.011533000000000002,0
1989-06-30,0.012976500000000002,-0.0135,-0.0102,0.0225,0.0071,0.0043,0.0058765000000000015,0
1989-07-31,-0.00331349999999995,0.072,-0.0414,-0.0279,0.007,0.0541,-0.010313499999999951,0
1989-08-31,-0.0071990000000000005,0.0144,0.0056,0.006,0.0074,-0.0012,-0.014599,0
1989-09-30,-0.06349199999999995,-0.0076,0.0032,-0.0127,0.0065,0.034,-0.06999199999999996,0
1989-10-31,-0.0284225,-0.0367,-0.0323,-0.0111,0.0068,0.0132,-0.0352225,0
1989-11-30,-0.0003494999999999991,0.0103,-0.0124,-0.0109,0.0069,0.026,-0.007249499999999999,0
1989-12-31,0.07317950000000001,0.0116,-0.0236,0.0016,0.0061,0.028,0.06707950000000001,0
1990-01-31,-0.16535799999999995,-0.0785,-0.0124,0.0085,0.0057,-0.0327,-0.17105799999999996,0
1990-02-28,0.0730235,0.0111,0.0099,0.0064,0.0057,-0.0055,0.06732350000000001,0
1990-03-31,0.036701,0.0183,0.015,-0.0292,0.0064,0.018,0.030300999999999998,0
1990-04-30,-0.029974,-0.0336,-0.0046,-0.0259,0.0069,0.0239,-0.036874000000000004,0
1990-05-31,0.09247449999999996,0.0842,-0.0253,-0.0383,0.0068,0.0303,0.08567449999999996,0
1990-06-30,0.14261000000000001,-0.0109,0.014,-0.0193,0.0063,0.024,0.13631000000000001,0
1990-07-31,-0.06106350000000001,-0.019,-0.0312,-0.0003,0.0068,0.061,-0.06786350000000001,0
1990-08-31,-0.1169495,-0.1015,-0.0357,0.0164,0.0066,0.0188,-0.12354949999999999,1
1990-09-30,-0.13,-0.0612,-0.0365,0.0064,0.006,0.0578,-0.136,1
1990-10-31,-0.0081675,-0.0192,-0.0557,0.001,0.0068,0.0671,-0.014967499999999998,1
1990-11-30,0.1048615,0.0635,0.0043,-0.031,0.0057,-0.0548,0.0991615,1
1990-12-31,0.07839499999999995,0.0246,0.0081,-0.017,0.006,0.0029,0.07239499999999995,1
1991-01-31,-0.01540699999999995,0.0469,0.0381,-0.016,0.0052,-0.0645,-0.020606999999999952,1
1991-02-28,0.2033455,0.0719,0.0395,-0.0058,0.0048,-0.0461,0.1985455,1
1991-03-31,0.006726000000000051,0.0265,0.0393,-0.0139,0.0044,0.0287,0.002326000000000051,1
1991-04-30,0.0562115,-0.0028,0.0048,0.015,0.0053,-0.0236,0.0509115,0
1991-05-31,-0.018016499999999998,0.0365,-0.004,-0.0052,0.0047,-0.0011,-0.022716499999999997,0
1991-06-30,-0.01314499999999995,-0.0494,0.0013,0.0115,0.0042,0.0047,-0.01734499999999995,0
1991-07-31,0.0032725,0.0424,-0.0092,-0.0132,0.0049,0.0432,-0.0016275,0
1991-08-31,0.031915,0.0232,0.0158,-0.0078,0.0046,0.0157,0.027315,0
1991-09-30,0.0575205,-0.0159,0.0164,-0.0108,0.0046,0.0179,0.0529205,0
1991-10-31,-0.013658,0.0129,0.0081,-0.0047,0.0042,0.0306,-0.017858,0
1991-11-30,0.0038294999999999996,-0.0419,-0.005,-0.0189,0.0039,0.0114,-7.050000000000025e-05,0
1991-12-31,0.0357145,0.1084,-0.0224,-0.0417,0.0038,0.0819,0.031914500000000005,0
1992-01-31,0.10730649999999994,-0.0059,0.0846,0.0471,0.0034,-0.0249,0.10390649999999994,0
1992-02-29,-0.0620035,0.0109,0.0087,0.0647,0.0028,-0.0053,-0.0648035,0
1992-03-31,-0.0613755,-0.0266,-0.0104,0.0356,0.0034,-0.0029,-0.0647755,0
1992-04-30,0.0302655,0.0107,-0.0606,0.0434,0.0032,-0.0258,0.0270655,0
1992-05-31,-0.0230575,0.003,0.0041,0.0119,0.0028,0.0021,-0.025857500000000002,0
1992-06-30,-0.0215335,-0.0234,-0.0307,0.0324,0.0032,-0.0058,-0.024733500000000002,0
1992-07-31,0.103895,0.0377,-0.0047,-0.0056,0.0031,0.0156,0.100795,0
1992-08-31,-0.06546,-0.0238,-0.0013,-0.011,0.0026,-0.0051,-0.06806000000000001,0
1992-09-30,0.00537500000000005,0.0119,0.0054,-0.0026,0.0026,0.0149,0.00277500000000005,0
1992-10-31,-0.033635,0.0102,0.0209,-0.0198,0.0023,0.0248,-0.035934999999999995,0
1992-11-30,0.041336,0.0413,0.0376,-0.0135,0.0023,-0.0015,0.039036,0
1992-12-31,0.1183065,0.0153,0.0169,0.0262,0.0028,0.0431,0.1155065,0
1993-01-31,0.09979450000000001,0.0093,0.0189,0.0594,0.0023,0.0483,0.09749450000000001,0
1993-02-28,-0.010923,0.0012,-0.0348,0.0642,0.0022,0.0314,-0.013123000000000001,0
1993-03-31,0.03717599999999995,0.023,0.0024,0.0118,0.0025,0.0373,0.03467599999999995,0
1993-04-30,0.012343499999999999,-0.0305,-0.0067,0.0249,0.0024,0.0038,0.0099435,0
1993-05-31,0.059635499999999994,0.0289,0.0204,-0.0342,0.0022,0.0022,0.057435499999999994,0
1993-06-30,-0.068951,0.0031,-0.0029,0.0275,0.0025,0.0455,-0.071451,0
1993-07-31,0.008803499999999999,-0.0034,0.0096,0.0285,0.0024,0.0316,0.0064034999999999995,0
1993-08-31,-0.025420333333333302,0.0371,0.0013,0.0013,0.0025,0.0265,-0.0279203333333333,0
1993-09-30,0.06987366666666663,-0.0012,0.0304,-0.0031,0.0026,0.0337,0.06727366666666662,0
1993-10-31,0.04150225,0.0141,0.0203,-0.0276,0.0022,-0.0272,0.03930225,0
1993-11-30,-0.07709875,-0.0189,-0.0125,-0.0074,0.0025,-0.0474,-0.07959875,0
1993-12-31,-0.094343,0.0165,0.0123,0.0032,0.0023,0.0236,-0.09664299999999999,0
1994-01-31,0.04450659999999998,0.0287,0.0034,0.0115,0.0025,0.0,0.04200659999999998,0
1994-02-28,-0.0308918,-0.0255,0.028,-0.0154,0.0021,-0.003,-0.0329918,0
1994-03-31,-0.06715540000000002,-0.0478,-0.0108,0.016,0.0027,-0.0127,-0.06985540000000001,0
1994-04-30,-0.04883299999999998,0.0068,-0.0093,0.0166,0.0027,0.0039,-0.05153299999999998,0
1994-05-31,-0.0717914,0.0058,-0.0215,0.0067,0.0031,-0.0219,-0.07489140000000001,0
1994-06-30,-0.07931639999999998,-0.0303,-0.0041,0.0167,0.0031,-0.0087,-0.08241639999999999,0
1994-07-31,-0.06701339999999997,0.0282,-0.0181,0.0058,0.0028,0.0018,-0.06981339999999997,0
1994-08-31,0.07513599999999998,0.0401,0.0145,-0.0251,0.0037,0.0155,0.07143599999999999,0
1994-09-30,-0.00892680000000002,-0.0231,0.0314,-0.0189,0.0037,0.0131,-0.01262680000000002,0
1994-10-31,0.022109600000000007,0.0134,-0.0224,-0.0162,0.0038,0.0149,0.018309600000000006,0
1994-11-30,-0.038847,-0.0404,0.0025,-0.007,0.0037,-0.0018,-0.042547,0
1994-12-31,-0.058084999999999984,0.0086,0.0022,-0.0013,0.0044,0.0348,-0.062484999999999985,0
1995-01-31,-0.051181799999999986,0.018,-0.035,0.0257,0.0042,-0.0181,-0.05538179999999999,0
1995-02-28,0.04646575,0.0363,-0.0066,0.0108,0.004,-0.0039,0.04246575,0
1995-03-31,0.09021980000000002,0.0219,-0.0016,-0.0215,0.0046,0.0043,0.08561980000000002,0
1995-04-30,-0.039942200000000025,0.0211,-0.0049,0.0171,0.0044,0.0179,-0.044342200000000026,0
1995-05-31,-0.0792696,0.029,-0.0255,0.0229,0.0054,-0.0042,-0.0846696,0
1995-06-30,-0.028017200000000016,0.0272,0.0318,-0.0254,0.0047,0.0293,-0.032717200000000016,0
1995-07-31,0.012975600000000002,0.0372,0.0207,-0.0162,0.0045,0.0256,0.008475600000000003,0
1995-08-31,-0.044374000000000004,0.0055,0.0135,0.0279,0.0047,0.0016,-0.049074000000000007,0
1995-09-30,-0.056881600000000004,0.0335,-0.022,-0.0004,0.0043,0.029,-0.0611816,0
1995-10-31,0.015269000000000008,-0.0152,-0.0378,-0.005,0.0047,0.0416,0.010569000000000009,0
1995-11-30,-0.02518919999999998,0.0396,-0.0109,0.0051,0.0042,-0.0068,-0.02938919999999998,0
1995-12-31,-0.045395999999999985,0.0103,0.007,0.0022,0.0049,0.0252,-0.05029599999999999,0
1996-01-31,0.07462959999999999,0.0226,-0.0273,0.0038,0.0043,0.0054,0.07032959999999999,0
1996-02-29,-0.01870400000000002,0.0133,0.0179,-0.0108,0.0039,0.0059,-0.02260400000000002,0
1996-03-31,0.01570459999999998,0.0073,0.0149,0.0035,0.0039,-0.0184,0.011804599999999978,0
1996-04-30,-0.0366892,0.0206,0.0523,-0.0402,0.0046,-0.0088,-0.0412892,0
1996-05-31,0.0533688,0.0236,0.0317,-0.0083,0.0042,0.0154,0.0491688,0
1996-06-30,-0.05121059999999998,-0.0114,-0.0401,0.0235,0.004,0.0098,-0.055210599999999985,0
1996-07-31,-0.01525599999999996,-0.0597,-0.0431,0.0514,0.0045,-0.0016,-0.01975599999999996,0
1996-08-31,0.03451480000000002,0.0277,0.0244,-0.0074,0.0041,0.0001,0.03041480000000002,0
1996-09-30,-0.04732080000000001,0.0501,-0.0098,-0.0272,0.0044,0.027,-0.05172080000000001,0
1996-10-31,-0.0017368333333333324,0.0086,-0.0444,0.0494,0.0042,0.0379,-0.005936833333333332,0
1996-11-30,-0.055777166666666635,0.0625,-0.0402,0.0139,0.0041,-0.0237,-0.059877166666666634,0
1996-12-31,0.010875333333333336,-0.017,0.0316,0.0131,0.0046,0.0063,0.006275333333333336,0
1997-01-31,0.03636660000000003,0.0499,-0.0195,-0.0142,0.0045,0.0196,0.03186660000000003,0
1997-02-28,0.013374333333333332,-0.0049,-0.0322,0.0567,0.0039,-0.0213,0.009474333333333331,0
1997-03-31,-0.06455099999999997,-0.0503,-0.0036,0.0339,0.0043,0.009,-0.06885099999999997,0
1997-04-30,-0.057375000000000016,0.0404,-0.0577,0.0007,0.0043,0.0484,-0.061675000000000015,0
1997-05-31,0.005887833333333332,0.0674,0.0519,-0.0413,0.0049,-0.0517,0.0009878333333333319,0
1997-06-30,0.1229888333333333,0.041,0.0122,0.0158,0.0037,0.026,0.1192888333333333,0
1997-07-31,-0.04440566666666665,0.0733,-0.0274,0.0026,0.0043,0.0377,-0.04870566666666665,0
1997-08-31,-0.023827833333333336,-0.0415,0.0728,0.0118,0.0041,-0.0256,-0.027927833333333336,0
1997-09-30,0.08726233333333333,0.0535,0.0253,0.0037,0.0044,0.0147,0.08286233333333333,0
1997-10-31,-0.044540333333333335,-0.038,-0.0074,0.0227,0.0042,-0.0057,-0.04874033333333334,0
1997-11-30,-0.08451650000000002,0.0298,-0.0511,0.0119,0.0039,0.0033,-0.08841650000000002,0
1997-12-31,-0.01934249999999998,0.0132,-0.0249,0.0384,0.0048,0.0398,-0.02414249999999998,0
1998-01-31,-0.008284166666666664,0.0015,-0.0106,-0.0163,0.0043,0.0014,-0.012584166666666664,0
1998-02-28,0.06987166666666664,0.0704,0.0032,-0.0085,0.0039,-0.0112,0.06597166666666664,0
1998-03-31,-0.008041166666666672,0.0476,-0.0114,0.0139,0.0039,0.0215,-0.011941166666666673,0
1998-04-30,0.1367081666666667,0.0073,0.0007,0.0094,0.0043,0.0074,0.1324081666666667,0
1998-05-31,-0.08913216666666668,-0.0307,-0.0336,0.034,0.004,0.0182,-0.09313216666666668,0
1998-06-30,0.04036783333333331,0.0318,-0.032,-0.0197,0.0041,0.0728,0.03626783333333331,0
1998-07-31,-0.088086,-0.0246,-0.0492,-0.0178,0.004,0.0369,-0.092086,0
1998-08-31,-0.3386781666666666,-0.1608,-0.057,0.0353,0.0043,0.0184,-0.34297816666666664,0
1998-09-30,-0.02943083333333335,0.0615,0.001,-0.0342,0.0046,-0.0081,-0.03403083333333335,0
1998-10-31,-0.028000999999999995,0.0713,-0.0312,-0.0223,0.0032,-0.0537,-0.031200999999999996,0
1998-11-30,0.0026560000000000056,0.061,0.0122,-0.0325,0.0031,0.012,-0.0004439999999999943,0
1998-12-31,-0.0178064,0.0616,-0.005,-0.0419,0.0038,0.0892,-0.0216064,0
1999-01-31,-0.013231166666666665,0.035,0.0076,-0.046,0.0035,0.0303,-0.016731166666666665,0
1999-02-28,0.028446499999999982,-0.0408,-0.0609,0.0192,0.0035,-0.001,0.024946499999999983,0
1999-03-31,-0.11068966666666664,0.0345,-0.0379,-0.0274,0.0043,-0.0127,-0.11498966666666664,0
1999-04-30,0.004878749999999973,0.0433,0.0391,0.0246,0.0037,-0.0904,0.0011787499999999732,0
1999-05-31,0.010081499999999986,-0.0246,0.0334,0.0235,0.0034,-0.0519,0.006681499999999986,0
1999-06-30,0.0471126,0.0477,0.0309,-0.0319,0.004,0.0506,0.0431126,0
1999-07-31,-0.067447,-0.0349,0.026,-0.0044,0.0038,0.0166,-0.07124699999999999,0
1999-08-31,-0.052464333333333335,-0.0138,-0.0094,-0.0187,0.0039,0.0312,-0.056364333333333336,0
1999-09-30,0.0038536000000000473,-0.0279,0.0341,-0.035,0.0039,0.0647,-4.6399999999952556e-05,0
1999-10-31,-0.05519740000000005,0.0612,-0.0664,-0.0337,0.0039,0.055,-0.05909740000000005,0
1999-11-30,-0.03458480000000001,0.0337,0.072,-0.0611,0.0036,0.0564,-0.03818480000000001,0
1999-12-31,-0.21690549999999997,0.0772,0.0702,-0.0832,0.0044,0.1322,-0.22130549999999996,0
2000-01-31,0.06692633333333334,-0.0474,0.0579,-0.0191,0.0041,0.0192,0.06282633333333333,0
2000-02-29,0.09251775,0.0245,0.2142,-0.097,0.0043,0.182,0.08821775,0
2000-03-31,0.14054466666666668,0.052,-0.1723,0.0817,0.0047,-0.0683,0.13584466666666667,0
2000-04-30,0.005297,-0.064,-0.0668,0.0726,0.0046,-0.0839,0.0006969999999999997,0
2000-05-31,0.019632999999999998,-0.0442,-0.0609,0.0481,0.005,-0.0898,0.014632999999999997,0
2000-06-30,-0.09242550000000001,0.0464,0.1285,-0.0843,0.004,0.166,-0.09642550000000001,0
2000-07-31,0.033201666666666664,-0.0251,-0.0306,0.083,0.0048,-0.0005,0.028401666666666665,0
2000-08-31,-0.010476,0.0703,-0.0062,-0.0138,0.005,0.0573,-0.015476,0
2000-09-30,0.017093666666666632,-0.0545,-0.0182,0.0717,0.0051,0.0197,0.011993666666666632,0
2000-10-31,-0.0809375,-0.0276,-0.0387,0.057,0.0056,-0.0448,-0.08653749999999999,0
2000-11-30,0.1109485,-0.1072,-0.0343,0.1232,0.0051,-0.0232,0.10584850000000001,0
2000-12-31,-0.011569250000000003,0.0119,0.0072,0.0761,0.005,0.0674,-0.016569250000000004,0
2001-01-31,-0.1617745,0.0313,0.0669,-0.0509,0.0054,-0.253,-0.16717449999999998,0
2001-02-28,-0.03370775,-0.1005,-0.0079,0.1248,0.0038,0.1257,-0.03750775,0
2001-03-31,-0.2226422,-0.0726,0.0024,0.0642,0.0042,0.0855,-0.22684220000000002,0
2001-04-30,-0.015521666666666632,0.0794,0.0055,-0.0468,0.0039,-0.079,-0.019421666666666632,1
2001-05-31,-0.03563459999999999,0.0072,0.0249,0.0338,0.0032,0.0221,-0.03883459999999999,1
2001-06-30,-0.053506999999999985,-0.0194,0.0624,-0.0113,0.0028,0.0038,-0.05630699999999998,1
2001-07-31,0.07297899999999999,-0.0213,-0.0419,0.0521,0.003,0.0558,0.06997899999999999,1
2001-08-31,-0.15326160000000003,-0.0646,0.0248,0.023,0.0031,0.0553,-0.15636160000000002,1
2001-09-30,-0.1665698,-0.0925,-0.0623,0.0145,0.0028,0.1148,-0.1693698,1
2001-10-31,0.03330900000000002,0.0246,0.0749,-0.0766,0.0022,-0.0847,0.03110900000000002,1
2001-11-30,0.03186325,0.0754,-0.0047,0.0222,0.0017,-0.0869,0.030163250000000003,1
2001-12-31,-0.11694349999999998,0.016,0.0473,0.0085,0.0015,0.0007,-0.11844349999999998,0
2002-01-31,-0.135446,-0.0144,0.0119,0.0344,0.0014,0.0375,-0.13684600000000002,0
2002-02-28,0.03201600000000001,-0.0229,-0.01,0.0216,0.0013,0.0682,0.03071600000000001,0
2002-03-31,-0.07232200000000001,0.0424,0.0421,0.0106,0.0013,-0.0164,-0.073622,0
2002-04-30,0.1438428,-0.052,0.0596,0.0388,0.0015,0.0763,0.1423428,0
2002-05-31,-0.019748333333333333,-0.0138,-0.0321,0.0153,0.0014,0.0316,-0.02114833333333333,0
2002-06-30,-0.05844649999999997,-0.0721,0.0429,-0.0003,0.0013,0.0603,-0.05974649999999997,0
2002-07-31,-0.11093066666666665,-0.0818,-0.0528,-0.0385,0.0015,0.0377,-0.11243066666666665,0
2002-08-31,-0.07315666666666666,0.005,-0.0286,0.0329,0.0014,0.019,-0.07455666666666666,0
2002-09-30,-0.1414604,-0.1035,0.024,0.0147,0.0014,0.0913,-0.1428604,0
2002-10-31,0.030485166666666667,0.0784,-0.034,-0.0394,0.0014,-0.0558,0.02908516666666667,0
2002-11-30,-0.0007863333333333186,0.0596,0.0319,-0.0121,0.0012,-0.1633,-0.0019863333333333183,0
2002-12-31,-0.06632733333333332,-0.0576,0.0009,0.0214,0.0011,0.0964,-0.06742733333333333,0
2003-01-31,-0.03493533333333333,-0.0257,0.0135,-0.0081,0.001,0.0155,-0.03593533333333333,0
2003-02-28,-0.0184526,-0.0188,-0.0045,-0.0138,0.0009,0.0117,-0.0193526,0
2003-03-31,0.026913199999999998,0.0109,0.0103,-0.0191,0.001,0.0148,0.025913199999999997,0
2003-04-30,-0.02450333333333335,0.0822,0.0066,0.0117,0.001,-0.0933,-0.02550333333333335,0
2003-05-31,-0.00217600000000002,0.0605,0.0474,0.005,0.0009,-0.107,-0.0030760000000000197,0
2003-06-30,0.048010800000000006,0.0142,0.0177,0.0015,0.001,-0.01,0.047010800000000005,0
2003-07-31,0.009593000000000003,0.0235,0.0505,-0.0124,0.0007,-0.0024,0.008893000000000003,0
2003-08-31,0.06049019999999998,0.0234,0.0259,0.0154,0.0007,-0.0062,0.05979019999999998,0
2003-09-30,0.01707383333333328,-0.0124,0.008,0.0015,0.0008,-0.0019,0.016273833333333283,0
2003-10-31,-0.0023188333333333307,0.0608,0.0269,0.0197,0.0007,0.0399,-0.003018833333333331,0
2003-11-30,-0.021572000000000015,0.0135,0.0207,0.0178,0.0007,0.0146,-0.022272000000000014,0
2003-12-31,-0.10425471428571431,0.0429,-0.0268,0.0161,0.0008,-0.0557,-0.1050547142857143,0
2004-01-31,-0.016792000000000015,0.0215,0.0255,0.0248,0.0007,0.0258,-0.017492000000000014,0
2004-02-29,-0.037214166666666645,0.014,-0.0158,0.0091,0.0006,-0.0114,-0.03781416666666665,0
2004-03-31,-0.04960999999999999,-0.0132,0.0172,0.0028,0.0009,0.0017,-0.050509999999999985,0
2004-04-30,0.03166757142857141,-0.0183,-0.0168,-0.0309,0.0008,-0.0538,0.030867571428571414,0
2004-05-31,-0.13531514285714286,0.0117,-0.002,-0.0024,0.0006,0.015,-0.13591514285714285,0
2004-06-30,-0.07495885714285715,0.0186,0.0226,0.0119,0.0008,0.0205,-0.07575885714285714,0
2004-07-31,-0.06143757142857141,-0.0406,-0.0381,0.0323,0.001,-0.0229,-0.06243757142857141,0
2004-08-31,-0.028216428571428587,0.0008,-0.0149,0.01,0.0011,-0.0159,-0.029316428571428587,0
2004-09-30,-0.022113571428571413,0.016,0.0302,-0.0001,0.0011,0.0549,-0.023213571428571413,0
2004-10-31,-0.0009571428571428704,0.0143,0.0015,-0.0022,0.0011,-0.0138,-0.0020571428571428702,0
2004-11-30,0.04431516666666666,0.0454,0.0374,0.0142,0.0015,0.0316,0.04281516666666666,0
2004-12-31,-0.029396666666666682,0.0343,-0.0003,-0.0022,0.0016,-0.0287,-0.030996666666666683,0
2005-01-31,-0.0043715,-0.0276,-0.0172,0.0206,0.0016,0.0305,-0.0059715,0
2005-02-28,-0.060377714285714285,0.0189,-0.0057,0.0153,0.0016,0.0337,-0.06197771428571428,0
2005-03-31,-0.006732571428571442,-0.0197,-0.014,0.0204,0.0021,0.0041,-0.008832571428571441,0
2005-04-30,-0.01281885714285712,-0.0261,-0.0393,0.0006,0.0021,-0.0069,-0.01491885714285712,0
2005-05-31,0.01339914285714286,0.0365,0.0289,-0.0064,0.0024,0.0045,0.01099914285714286,0
2005-06-30,-0.026339000000000008,0.0057,0.0259,0.0282,0.0023,0.0205,-0.028639000000000008,0
2005-07-31,-0.07153228571428574,0.0392,0.029,-0.0078,0.0024,0.0006,-0.07393228571428574,0
2005-08-31,-0.08306599999999997,-0.0122,-0.0098,0.0132,0.003,0.0208,-0.08606599999999998,0
2005-09-30,0.05007212500000003,0.0049,-0.0066,0.0072,0.0029,0.0343,0.04717212500000003,0
2005-10-31,-0.092325375,-0.0202,-0.0125,0.0043,0.0027,-0.0139,-0.095025375,0
2005-11-30,-0.13879699999999998,0.0361,0.01,-0.0118,0.0031,0.0035,-0.14189699999999997,0
2005-12-31,-0.10815166666666665,-0.0025,-0.0042,0.002,0.0032,0.0077,-0.11135166666666664,0
2006-01-31,0.07161974999999997,0.0304,0.0539,0.0108,0.0035,0.0253,0.06811974999999997,0
2006-02-28,0.022057000000000014,-0.003,-0.0038,-0.0035,0.0034,-0.0184,0.018657000000000014,0
2006-03-31,0.0025565714285714428,0.0146,0.0345,0.0059,0.0037,0.0126,-0.0011434285714285574,0
2006-04-30,-0.022465142857142854,0.0073,-0.0142,0.0234,0.0036,0.0064,-0.026065142857142853,0
2006-05-31,-0.003959111111111109,-0.0357,-0.0296,0.0242,0.0043,-0.037,-0.00825911111111111,0
2006-06-30,-0.13318066666666667,-0.0035,-0.0039,0.0085,0.004,0.0154,-0.13718066666666667,0
2006-07-31,-0.06515933333333332,-0.0078,-0.0398,0.0262,0.004,-0.0212,-0.06915933333333332,0
2006-08-31,-0.009402625000000013,0.0203,0.0103,-0.0206,0.0042,-0.0338,-0.013602625000000014,0
2006-09-30,-0.08102725,0.0184,-0.0136,0.0008,0.0041,-0.0096,-0.08512725,0
2006-10-31,-0.026639555555555573,0.0323,0.0175,-0.003,0.0041,-0.002,-0.030739555555555572,0
2006-11-30,0.0010934285714285716,0.0171,0.007,0.0014,0.0042,-0.0103,-0.003106571428571428,0
2006-12-31,-0.171958,0.0087,-0.0115,0.0273,0.004,0.0079,-0.175958,0
2007-01-31,0.04598228571428569,0.014,0.0013,-0.0069,0.0044,0.0024,0.04158228571428569,0
2007-02-28,-0.010682124999999976,-0.0196,0.0118,-0.0013,0.0038,-0.0135,-0.014482124999999976,0
2007-03-31,-0.006596333333333346,0.0068,0.0016,-0.0096,0.0043,0.0256,-0.010896333333333346,0
2007-04-30,-0.0377988888888889,0.0349,-0.0215,-0.0146,0.0044,-0.0024,-0.042198888888888904,0
2007-05-31,-0.04607433333333334,0.0324,0.0024,-0.0065,0.0041,-0.0034,-0.05017433333333334,0
2007-06-30,-0.053730299999999995,-0.0196,0.0076,-0.0107,0.004,0.0051,-0.0577303,0
2007-07-31,-0.0565051111111111,-0.0373,-0.026,-0.0372,0.004,0.0294,-0.06050511111111111,0
2007-08-31,-0.030946500000000016,0.0092,-0.0013,-0.0186,0.0042,0.001,-0.03514650000000002,0
2007-09-30,-0.1011785,0.0322,-0.0222,-0.0223,0.0032,0.0463,-0.1043785,0
2007-10-31,-0.22467299999999998,0.018,0.0013,-0.0305,0.0032,0.0502,-0.227873,0
2007-11-30,-0.15050711111111112,-0.0483,-0.0292,-0.0095,0.0034,0.0099,-0.1539071111111111,0
2007-12-31,0.0697855714285714,-0.0087,0.0012,-0.0054,0.0027,0.0663,0.06708557142857141,0
2008-01-31,-0.08859522222222223,-0.0636,-0.0104,0.0398,0.0021,-0.0775,-0.09069522222222223,1
2008-02-29,-0.16653425,-0.0309,-0.0043,-0.0084,0.0013,0.061,-0.16783425,1
2008-03-31,-0.08446475,-0.0093,0.0071,0.003,0.0017,0.0427,-0.08616475,1
2008-04-30,-0.11094562499999999,0.046,-0.0165,-0.0104,0.0018,-0.0031,-0.11274562499999999,1
2008-05-31,-0.09615922222222223,0.0186,0.03,-0.0149,0.0018,0.0331,-0.09795922222222223,1
2008-06-30,-0.114650375,-0.0844,0.012,-0.0267,0.0017,0.1275,-0.11635037499999999,1
2008-07-31,-0.108322875,-0.0077,0.0261,0.0542,0.0015,-0.0513,-0.109822875,1
2008-08-31,-0.00337274999999998,0.0153,0.036,0.0159,0.0013,-0.0402,-0.00467274999999998,1
2008-09-30,-0.08150925,-0.0924,-0.0123,0.0592,0.0015,0.0028,-0.08300925,1
2008-10-31,-0.21723175,-0.1723,-0.026,-0.023,0.0008,0.0785,-0.21803175,1
2008-11-30,-0.09407577777777779,-0.0786,-0.0285,-0.0631,0.0003,0.0717,-0.09437577777777778,1
2008-12-31,-0.138182625,0.0174,0.0346,0.0015,0.0,-0.0509,-0.138182625,1
2009-01-31,-0.1154821111111111,-0.0812,0.0008,-0.1129,0.0,-0.0218,-0.1154821111111111,1
2009-02-28,-0.020918777777777776,-0.101,0.0005,-0.0695,0.0001,0.0441,-0.021018777777777775,1
2009-03-31,0.040897199999999995,0.0895,0.0004,0.0348,0.0002,-0.1187,0.040697199999999996,1
2009-04-30,0.09243257142857143,0.1018,0.0539,0.0536,0.0001,-0.343,0.09233257142857143,1
2009-05-31,0.020545125000000004,0.0521,-0.0252,0.0027,0.0,-0.1249,0.020545125000000004,1
2009-06-30,-0.028015125000000002,0.0043,0.0263,-0.0273,0.0001,0.0548,-0.028115125,1
2009-07-31,0.05268325,0.0772,0.0187,0.0484,0.0001,-0.0555,0.05258325,0
2009-08-31,-0.1563442222222222,0.0333,-0.0108,0.0763,0.0001,-0.0907,-0.15644422222222218,0
2009-09-30,0.0791562857142857,0.0408,0.0243,0.0104,0.0001,-0.0479,0.0790562857142857,0
2009-10-31,-0.11844544444444444,-0.0259,-0.0434,-0.042,0.0,0.0261,-0.11844544444444444,0
2009-11-30,-0.006152777777777769,0.0556,-0.0239,-0.0034,0.0,0.003,-0.006152777777777769,0
2009-12-31,0.03225924999999999,0.0275,0.0604,-0.0017,0.0001,0.0301,0.032159249999999986,0
2010-01-31,-0.04135866666666667,-0.0336,0.004,0.0043,0.0,-0.054,-0.04135866666666667,0
2010-02-28,-0.022941499999999997,0.034,0.0119,0.0323,0.0,0.0374,-0.022941499999999997,0
2010-03-31,-0.030420375000000006,0.0631,0.0148,0.0221,0.0001,0.0376,-0.030520375000000006,0
2010-04-30,-0.08580155555555555,0.02,0.0487,0.0289,0.0001,0.0316,-0.08590155555555555,0
2010-05-31,-0.0960165,-0.0789,0.0009,-0.0244,0.0001,-0.0025,-0.09611650000000001,0
2010-06-30,-0.13412037499999996,-0.0557,-0.0182,-0.047,0.0001,-0.0276,-0.13422037499999995,0
2010-07-31,0.018255428571428537,0.0693,0.0022,-0.0033,0.0001,0.0188,0.018155428571428538,0
2010-08-31,-0.05757085714285714,-0.0477,-0.0298,-0.0193,0.0001,-0.0006,-0.05767085714285714,0
2010-09-30,-0.0690275,0.0954,0.0397,-0.0318,0.0001,0.0141,-0.06912750000000001,0
2010-10-31,0.008767874999999991,0.0388,0.0119,-0.0251,0.0001,0.0158,0.008667874999999992,0
2010-11-30,-0.010010499999999976,0.006,0.0374,-0.0092,0.0001,0.0266,-0.010110499999999975,0
2010-12-31,-0.06233857142857143,0.0682,0.0069,0.0376,0.0001,-0.0303,-0.062438571428571434,0
2011-01-31,-0.006038714285714298,0.0199,-0.0245,0.0075,0.0001,-0.0029,-0.0061387142857142986,0
2011-02-28,-0.009748857142857125,0.0349,0.0153,0.0127,0.0001,0.0199,-0.009848857142857124,0
2011-03-31,-0.0558366,0.0046,0.0256,-0.0185,0.0001,0.034,-0.0559366,0
2011-04-30,-0.09303142857142857,0.029,-0.0033,-0.0249,0.0,0.0004,-0.09303142857142857,0
2011-05-31,-0.02296242857142859,-0.0127,-0.0067,-0.02,0.0,-0.0062,-0.02296242857142859,0
2011-06-30,-0.081136375,-0.0175,-0.0015,-0.0039,0.0,0.0178,-0.081136375,0
2011-07-31,-0.06887299999999996,-0.0235,-0.0127,-0.009,0.0,0.0018,-0.06887299999999996,0
2011-08-31,-0.08052212499999999,-0.0599,-0.0305,-0.0236,0.0001,-0.0028,-0.08062212499999999,0
2011-09-30,-0.10877849999999999,-0.0759,-0.0331,-0.0172,0.0,-0.0242,-0.10877849999999999,0
2011-10-31,-0.025872249999999986,0.1135,0.0328,0.001,0.0,-0.0143,-0.025872249999999986,0
2011-11-30,-0.08401812499999999,-0.0028,-0.0016,-0.0045,0.0,0.0384,-0.08401812499999999,0
2011-12-31,-0.028298749999999998,0.0074,-0.0059,0.0163,0.0,0.0181,-0.028298749999999998,0
2012-01-31,0.06188671428571425,0.0505,0.0203,-0.0097,0.0,-0.0791,0.06188671428571425,0
2012-02-29,0.11592750000000002,0.0442,-0.0185,0.0043,0.0,-0.0029,0.11592750000000002,0
2012-03-31,-0.05568744444444442,0.0311,-0.0065,0.0114,0.0,0.013,-0.05568744444444442,0
2012-04-30,-0.04149077777777777,-0.0085,-0.0041,-0.0078,0.0,0.0375,-0.04149077777777777,0
2012-05-31,-0.20710877777777773,-0.0619,0.0007,-0.0106,0.0001,0.0649,-0.20720877777777771,0
2012-06-30,-0.011912444444444434,0.0389,0.0067,0.0062,0.0,-0.0106,-0.011912444444444434,0
2012-07-31,-0.02132850000000001,0.0079,-0.0277,-0.0002,0.0,0.0304,-0.02132850000000001,0
2012-08-31,0.0799659,0.0255,0.0048,0.013,0.0001,-0.0237,0.0798659,0
2012-09-30,0.011121699999999988,0.0273,0.0051,0.016,0.0001,-0.0114,0.011021699999999988,0
2012-10-31,0.032006200000000005,-0.0176,-0.0116,0.0359,0.0001,0.0014,0.0319062,0
2012-11-30,-0.034701625,0.0078,0.0064,-0.0084,0.0001,0.0049,-0.034801625,0
2012-12-31,-0.022258333333333328,0.0118,0.015,0.0351,0.0001,-0.0286,-0.022358333333333327,0
2013-01-31,0.03366066666666666,0.0557,0.0033,0.0096,0.0,-0.0179,0.03366066666666666,0
2013-02-28,-0.034683888888888875,0.0129,-0.0028,0.0011,0.0,0.0129,-0.034683888888888875,0
2013-03-31,0.017835249999999983,0.0403,0.0081,-0.0019,0.0,0.0192,0.017835249999999983,0
2013-04-30,-0.15955977777777774,0.0155,-0.0236,0.0045,0.0,0.0022,-0.15955977777777774,0
2013-05-31,0.0013553333333333369,0.028,0.0173,0.0263,0.0,-0.0202,0.0013553333333333369,0
2013-06-30,-0.04109412499999999,-0.012,0.0133,0.0003,0.0,0.0052,-0.04109412499999999,0
2013-07-31,0.0020553333333333326,0.0565,0.0186,0.0057,0.0,0.0176,0.0020553333333333326,0
2013-08-31,-0.049236499999999975,-0.0271,0.0028,-0.0269,0.0,0.0002,-0.049236499999999975,0
2013-09-30,-0.14558033333333334,0.0377,0.0291,-0.0122,0.0,0.0306,-0.14558033333333334,0
2013-10-31,0.058595,0.0418,-0.0156,0.0125,0.0,0.0008,0.058595,0
2013-11-30,0.05978633333333332,0.0313,0.0129,0.0032,0.0,0.0044,0.05978633333333332,0
2013-12-31,0.004998875,0.0281,-0.0045,-0.0002,0.0,0.0002,0.004998875,0
2014-01-31,-0.035239875000000004,-0.0332,0.009,-0.0207,0.0,0.0171,-0.035239875000000004,0
2014-02-28,0.057952999999999984,0.0465,0.0037,-0.0031,0.0,0.0207,0.057952999999999984,0
2014-03-31,-0.04719355555555556,0.0043,-0.0185,0.0493,0.0,-0.0329,-0.04719355555555556,0
2014-04-30,-0.10181644444444445,-0.0019,-0.042,0.0117,0.0,-0.0389,-0.10181644444444445,0
2014-05-31,0.01883690000000001,0.0206,-0.0188,-0.0013,0.0,0.0087,0.01883690000000001,0
2014-06-30,0.02015910000000002,0.0261,0.0308,-0.007,0.0,0.0069,0.02015910000000002,0
2014-07-31,-0.040872,-0.0204,-0.0429,0.0003,0.0,-0.0012,-0.040872,0
2014-08-31,0.028768111111111112,0.0424,0.004,-0.0045,0.0,0.0082,0.028768111111111112,0
2014-09-30,-0.007079700000000012,-0.0197,-0.0372,-0.0134,0.0,0.005,-0.007079700000000012,0
2014-10-31,-0.09628818181818183,0.0252,0.042,-0.0181,0.0,-0.0006,-0.09628818181818183,0
2014-11-30,-0.04448899999999999,0.0255,-0.0206,-0.0309,0.0,0.0069,-0.04448899999999999,0
2014-12-31,-0.223748,-0.0006,0.0249,0.0227,0.0,0.0112,-0.223748,0
2015-01-31,-0.010683100000000004,-0.0311,-0.0055,-0.0358,0.0,0.0384,-0.010683100000000004,0
2015-02-28,0.0034264000000000065,0.0613,0.0061,-0.0186,0.0,-0.0282,0.0034264000000000065,0
2015-03-31,-0.054585181818181824,-0.0112,0.0304,-0.0037,0.0,0.0274,-0.054585181818181824,0
2015-04-30,-0.1219938888888889,0.0059,-0.0303,0.0182,0.0,-0.0727,-0.1219938888888889,0
2015-05-31,-0.08078360000000001,0.0136,0.0092,-0.0114,0.0,0.0582,-0.08078360000000001,0
2015-06-30,-0.0888399,-0.0153,0.029,-0.0079,0.0,0.0301,-0.0888399,0
2015-07-31,-0.03943550000000001,0.0154,-0.0419,-0.0413,0.0,0.0998,-0.03943550000000001,0
2015-08-31,-0.04049081818181814,-0.0604,0.0033,0.0277,0.0,-0.0209,-0.04049081818181814,0
2015-09-30,-0.1140290909090909,-0.0307,-0.0263,0.0056,0.0,0.0522,-0.1140290909090909,0
2015-10-31,-0.13753891666666668,0.0775,-0.0187,-0.0046,0.0,-0.0328,-0.13753891666666668,0
2015-11-30,-0.03685636363636362,0.0056,0.0359,-0.0042,0.0,0.0228,-0.03685636363636362,0
2015-12-31,-0.056344800000000014,-0.0217,-0.0282,-0.0261,0.0001,0.0336,-0.05644480000000002,0
2016-01-31,-0.09875436363636365,-0.0577,-0.0343,0.0209,0.0001,0.0144,-0.09885436363636366,0
2016-02-29,-0.18480400000000002,-0.0007,0.0071,-0.0057,0.0002,-0.0438,-0.18500400000000003,0
2016-03-31,0.01826649999999998,0.0696,0.0082,0.0119,0.0002,-0.0501,0.018066499999999982,0
2016-04-30,-0.1259398,0.0091,0.0074,0.0328,0.0001,-0.0602,-0.12603979999999998,0
2016-05-31,-0.17807418181818183,0.0178,-0.0018,-0.0166,0.0001,0.0142,-0.17817418181818181,0
2016-06-30,-0.023802636363636352,-0.0005,0.006,-0.0148,0.0002,0.0413,-0.02400263636363635,0
2016-07-31,-0.123892,0.0395,0.0251,-0.0127,0.0002,-0.0334,-0.12409200000000001,0
2016-08-31,-0.17157955555555554,0.0049,0.0118,0.0313,0.0002,-0.0349,-0.17177955555555555,0
2016-09-30,-0.1309285,0.0025,0.0213,-0.0123,0.0002,0.0019,-0.1311285,0
2016-10-31,-0.08407811111111109,-0.0202,-0.0442,0.0412,0.0002,0.006,-0.0842781111111111,0
2016-11-30,-0.11101669999999998,0.0486,0.0567,0.0819,0.0001,-0.0462,-0.11111669999999998,0
2016-12-31,-0.009987375000000014,0.0181,0.0008,0.0356,0.0003,-0.0026,-0.010287375000000014,0
2017-01-31,-0.1088719090909091,0.0194,-0.0114,-0.0276,0.0004,-0.0093,-0.1092719090909091,0
2017-02-28,-0.077424,0.0357,-0.0202,-0.0168,0.0004,-0.0165,-0.077824,0
2017-03-31,-0.01185681818181816,0.0017,0.0114,-0.0332,0.0003,-0.0102,-0.01215681818181816,0
2017-04-30,-0.121204,0.0109,0.0072,-0.021,0.0005,0.0048,-0.121704,0
2017-05-31,-0.07952118181818182,0.0106,-0.0252,-0.0378,0.0006,0.0148,-0.08012118181818183,0
2017-06-30,0.020170777777777787,0.0078,0.0223,0.0148,0.0006,-0.0009,0.019570777777777788,0
2017-07-31,-0.02924990909090909,0.0187,-0.0146,-0.0024,0.0007,0.0168,-0.02994990909090909,0
2017-08-31,-0.01886227272727272,0.0016,-0.0167,-0.0209,0.0009,0.0326,-0.019762272727272722,0
2017-09-30,-0.045011600000000006,0.0251,0.0446,0.0312,0.0009,-0.0132,-0.045911600000000004,0
2017-10-31,-0.07800190000000001,0.0225,-0.0193,0.0021,0.0009,0.0427,-0.07890190000000001,0
2017-11-30,-0.05573845454545455,0.0312,-0.0058,-0.0008,0.0008,-0.0087,-0.05653845454545455,0
2017-12-31,-0.07501355555555556,0.0106,-0.0132,0.0005,0.0009,-0.0154,-0.07591355555555555,0
2018-01-31,-0.05905166666666667,0.0557,-0.0315,-0.0133,0.0012,0.0405,-0.06025166666666667,0
2018-02-28,-0.17530828571428575,-0.0365,0.0023,-0.0107,0.0011,0.0358,-0.17640828571428574,0
2018-03-31,-0.053722624999999975,-0.0235,0.0405,-0.0023,0.0011,-0.0113,-0.05482262499999997,0
2018-04-30,-0.059062,0.0028,0.0114,0.0054,0.0014,0.0036,-0.060462,0
2018-05-31,-0.018853888888888892,0.0265,0.0526,-0.0318,0.0014,0.0389,-0.02025388888888889,0
2018-06-30,-0.115846875,0.0048,0.0115,-0.0233,0.0014,-0.0235,-0.117246875,0
2018-07-31,-0.13343737500000002,0.0319,-0.0222,0.0047,0.0016,-0.0141,-0.13503737500000002,0
2018-08-31,-0.10794927272727273,0.0344,0.0112,-0.0399,0.0016,0.0529,-0.10954927272727273,0
2018-09-30,-0.04612785714285714,0.0006,-0.0228,-0.0169,0.0015,0.0004,-0.04762785714285714,0
2018-10-31,-0.08258999999999998,-0.0768,-0.0477,0.0344,0.0019,-0.02,-0.08448999999999998,0
2018-11-30,-0.0640621,0.0169,-0.0068,0.0027,0.0018,-0.0137,-0.06586209999999999,0
2018-12-31,-0.1357753636363636,-0.0957,-0.0238,-0.0186,0.002,0.0211,-0.1377753636363636,0
2019-01-31,0.017260545454545452,0.084,0.029,-0.0045,0.0021,-0.0868,0.015160545454545453,0
2019-02-28,-0.06751218181818183,0.034,0.0205,-0.0268,0.0018,0.0086,-0.06931218181818183,0
2019-03-31,0.013025909090909105,0.011,-0.0303,-0.041,0.0019,0.0221,0.011125909090909105,0
2019-04-30,0.009935499999999998,0.0397,-0.0174,0.0214,0.0021,-0.0297,0.007835499999999999,0
2019-05-31,-0.11049966666666665,-0.0694,-0.0131,-0.0234,0.0021,0.0756,-0.11259966666666665,0
2019-06-30,0.016885454545454554,0.0693,0.0028,-0.0072,0.0018,-0.023,0.015085454545454555,0
2019-07-31,-0.11062890000000003,0.0119,-0.0193,0.0047,0.0019,0.0289,-0.11252890000000003,0
2019-08-31,-0.10023689999999998,-0.0258,-0.0236,-0.0476,0.0016,0.0692,-0.10183689999999998,0
2019-09-30,-0.03965477777777778,0.0143,-0.0097,0.0674,0.0018,-0.0681,-0.041454777777777785,0
2019-10-31,0.025076124999999998,0.0206,0.0029,-0.0192,0.0016,0.0015,0.023476124999999997,0
2019-11-30,-0.07224640000000002,0.0387,0.0078,-0.0201,0.0012,-0.0266,-0.07344640000000002,0
2019-12-31,-0.133301125,0.0277,0.0073,0.0176,0.0014,-0.0177,-0.134701125,0
2020-01-31,-0.15926322222222222,-0.0011,-0.031,-0.0622,0.0013,0.0598,-0.16056322222222222,0
2020-02-29,-0.09662399999999999,-0.0813,0.0107,-0.0379,0.0012,-0.004,-0.097824,0
2020-03-31,-0.33795388888888883,-0.1339,-0.0488,-0.1397,0.0013,0.0797,-0.33925388888888885,1
2020-04-30,-0.014532777777777783,0.1365,0.0249,-0.0123,0.0,-0.0523,-0.014532777777777783,1
2020-05-31,-0.06251142857142854,0.0558,0.0248,-0.0489,0.0001,0.0042,-0.06261142857142854,0
2020-06-30,-0.024493,0.0246,0.027,-0.0217,0.0001,-0.0073,-0.024593,0
2020-07-31,-0.11766899999999997,0.0577,-0.0232,-0.0138,0.0001,0.0761,-0.11776899999999997,0
2020-08-31,0.07495433333333332,0.0763,-0.0022,-0.0295,0.0001,0.0055,0.07485433333333331,0
2020-09-30,-0.138434,-0.0363,0.0004,-0.0268,0.0001,0.0314,-0.138534,0
2020-10-31,-0.18706899999999999,-0.021,0.0436,0.0421,0.0001,-0.0304,-0.18716899999999997,0
2020-11-30,0.10097133333333333,0.1247,0.0582,0.0214,0.0001,-0.1243,0.10087133333333333,0
2020-12-31,-0.07318374999999999,0.0463,0.0489,-0.0151,0.0001,-0.0232,-0.07328375,0
2021-01-31,0.0747821111111111,-0.0003,0.0734,0.0296,0.0001,0.045,0.0746821111111111,0
2021-02-28,-0.02195542857142856,0.0278,0.0206,0.0718,0.0,-0.0789,-0.02195542857142856,0
2021-03-31,-0.07661818181818184,0.0308,-0.0237,0.074,0.0,-0.0614,-0.07661818181818184,0
2021-04-30,-0.09933299999999996,0.0493,-0.0319,-0.0094,0.0,0.011,-0.09933299999999996,0
2021-05-31,-0.020160166666666656,0.0029,-0.0025,0.0708,0.0,0.0088,-0.020160166666666656,0
2021-06-30,-0.18157969230769233,0.0275,0.017,-0.0782,0.0,0.0219,-0.18157969230769233,0
2021-07-31,-0.04947061538461537,0.0127,-0.0399,-0.0176,0.0,-0.0224,-0.04947061538461537,0
2021-08-31,-0.10253484615384614,0.0291,-0.0043,-0.0016,0.0,0.0253,-0.10253484615384614,0
2021-09-30,-0.10393736363636366,-0.0437,0.0072,0.0508,0.0,0.015,-0.10393736363636366,0
2021-10-31,-0.01876307142857142,0.0665,-0.0235,-0.0048,0.0,0.032,-0.01876307142857142,0
2021-11-30,-0.12250192857142858,-0.0155,-0.0132,-0.0044,0.0,0.009,-0.12250192857142858,0
2021-12-31,-0.08166615384615385,0.031,-0.0166,0.0328,0.0001,-0.026,-0.08176615384615385,0
2022-01-31,-0.08648299999999999,-0.0625,-0.0594,0.1275,0.0,-0.0259,-0.08648299999999999,0
2022-02-28,0.03581107692307693,-0.0229,0.0223,0.0304,0.0,0.0176,0.03581107692307693,0
2022-03-31,0.039212928571428565,0.0305,-0.016,-0.018,0.0001,0.03,0.03911292857142856,0
2022-04-30,-0.0799979230769231,-0.0946,-0.0141,0.0619,0.0001,0.0489,-0.08009792307692311,0
2022-05-31,-0.197442,-0.0034,-0.0185,0.0841,0.0003,0.0248,-0.197742,0
2022-06-30,-0.05712084615384615,-0.0843,0.0209,-0.0597,0.0006,0.0079,-0.05772084615384615,0
2022-07-31,0.06841074999999999,0.0956,0.0278,-0.0408,0.0008,-0.0394,0.06761075,0
