datadate,3PLFF,BGMTQ,BKCT,BRCC,CHF.,CTEA,FARM,FHAI,GMCR,HCEI,HRSR,ICGL.1,JAMN,KDP,MOKA,NUZE,PEET,PLAG,RVACU,SBEAU,SWP.,SWSSF,UOLI,WEST,WFGCF
1965-12-31,,,,,-0.002174,,,,,,,,,,,,,,,,,,,,
1966-01-31,,,,,0.021978,,,,,,,,,,,,,,,,,,,,
1966-02-28,,,,,-0.021505,,,,,,,,,,,,,,,,,,,,
1966-03-31,,,,,-0.057143,,,,,,,,,,,,,,,,,,,,
1966-04-30,,,,,0.023530000000000002,,,,,,,,,,,,,,,,,,,,
1966-05-31,,,,,-0.057470999999999994,,,,,,,,,,,,,,,,,,,,
1966-06-30,,,,,0.082927,,,,,,,,,,,,,,,,,,,,
1966-07-31,,,,,-0.113637,,,,,,,,,,,,,,,,,,,,
1966-08-31,,,,,-0.102563,,,,,,,,,,,,,,,,,,,,
1966-09-30,,,,,-0.060001,,,,,,,,,,,,,,,,,,,,
1966-10-31,,,,,0.0,,,,,,,,,,,,,,,,,,,,
1966-11-30,,,,,0.015385,,,,,,,,,,,,,,,,,,,,
1966-12-31,,,,,0.045454,,,,,,,,,,,,,,,,,,,,
1967-01-31,,,,,0.352943,,,,,,,,,,,,,,,,,,,,
1967-02-28,,,,,-0.01087,,,,,,,,,,,,,,,,,,,,
1967-03-31,,,,,0.24175899999999997,,,,,,,,,,,,,,,,,,,,
1967-04-30,,,,,0.035398,,,,,,,,,,,,,,,,,,,,
1967-05-31,,,,,-0.060345,,,,,,,,,,,,,,,,,,,,
1967-06-30,,,,,0.293572,,,,,,,,,,,,,,,,,,,,
1967-07-31,,,,,-0.007092,,,,,,,,,,,,,,,,,,,,
1967-08-31,,,,,-0.043162000000000006,,,,,,,,,,,,,,,,,,,,
1967-09-30,,,,,0.022553,,,,,,,,,,,,,,,,,,,,
1967-10-31,,,,,0.30294,,,,,,,,,,,,,,,,,,,,
1967-11-30,,,,,-0.005684,,,,,,,,,,,,,,,,,,,,
1967-12-31,,,,,0.011430000000000001,,,,,,,,,,,,,,,,,,,,
1968-01-31,,,,,-0.128807,,,,,,,,,,,,,,,,,,,,
1968-02-29,,,,,-0.150327,,0.0,,,,,,,,,,,,,,,,,,
1968-03-31,,,,,0.069231,,-0.034483,,,,,,,,,,,,,,,,,,
1968-04-30,,,,,0.21726600000000001,,0.067857,,,,,,,,,,,,,,,,,,
1968-05-31,,,,,0.035715,,0.237288,,,,,,,,,,,,,,,,,,
1968-06-30,,,,,0.05747,,0.013699,,,,,,,,,,,,,,,,,,
1968-07-31,,,,,-0.15652100000000002,,0.064865,,,,,,,,,,,,,,,,,,
1968-08-31,,,,,-0.012987,,0.333333,,,,,,,,,,,,,,,,,,
1968-09-30,,,,,-0.019737,,-0.163462,,,,,,,,,,,,,,,,,,
1968-10-31,,,,,-0.052349,,0.250575,,,,,,,,,,,,,,,,,,
1968-11-30,,,,,0.08571400000000001,,-0.018519,,,,,,,,,,,,,,,,,,
1968-12-31,,,,,0.026316000000000003,,-0.09434,,,,,,,,,,,,,,,,,,
1969-01-31,,,,,0.058974,,-0.0125,,,,,,,,,,,,,,,,,,
1969-02-28,,,,,-0.146342,,0.0,,,,,,,,,,,,,,,,,,
1969-03-31,,,,,-0.028571,,-0.085106,,,,,,,,,,,,,,,,,,
1969-04-30,,,,,-0.072059,,-0.08372099999999999,,,,,,,,,,,,,,,,,,
1969-05-31,,,,,0.008,,0.153846,,,,,,,,,,,,,,,,,,
1969-06-30,,,,,-0.142857,,-0.155556,,,,,,,,,,,,,,,,,,
1969-07-31,,,,,-0.1,,-0.147368,,,,,,,,,,,,,,,,,,
1969-08-31,,,,,0.0,,0.03125,,,,,,,,,,,,,,,,,,
1969-09-30,,,,,-0.072917,,0.060606,,,,,,,,,,,,,,,,,,
1969-10-31,,,,,0.10337,,-0.017143,,,,,,,,,,,,,,,,,,
1969-11-30,,,,,-0.082474,,0.088235,,,,,,,,,,,,,,,,,,
1969-12-31,,,,,-0.123596,,-0.12162200000000001,,,,,,,,,,,,,,,,,,
1970-01-31,,,,,0.041026,,-0.064615,,,,,,,,,,,,,,,,,,
1970-02-28,,,,,0.025,,-0.033333,,,,,,,,,,,,,,,,,,
1970-03-31,,,,,-0.048780000000000004,,0.17241399999999998,,,,,,,,,,,,,,,,,,
1970-04-30,,,,,-0.123847,,-0.135294,,,,,,,,,,,,,,,,,,
1970-05-31,,,,,-0.029851000000000003,,-0.068966,,,,,,,,,,,,,,,,,,
1970-06-30,,,,,-0.246154,,0.0,,,,,,,,,,,,,,,,,,
1970-07-31,,,,,0.142855,,0.07037,,,,,,,,,,,,,,,,,,
1970-08-31,,,,,-0.017858,,-0.035088,,,,,,,,,,,,,,,,,,
1970-09-30,,,,,0.163637,,0.0,,,,,,,,,,,,,,,,,,
1970-10-31,,,,,-0.06312999999999999,,-0.003637,,,,,,,,,,,,,,,,,,
1970-11-30,,,,,0.224139,,0.055556,,,,,,,,,,,,,,,,,,
1970-12-31,,,,,-0.098592,,-0.017544,,,,,,,,,,,,,,,,,,
1971-01-31,,,,,0.250001,,0.05,,,,,,,,,,,,,,,,,,
1971-02-28,,,,,-0.0625,,-0.017242,,,,,,,,,,,,,,,,,,
1971-03-31,,,,,0.2,,0.017544,,,,,,,,,,,,,,,,,,
1971-04-30,,,,,-0.016448,,0.220689,,,,,,,,,,,,,,,,,,
1971-05-31,,,,,-0.05814,,0.08571400000000001,,,,,,,,,,,,,,,,,,
1971-06-30,,,,,0.160494,,-0.078947,,,,,,,,,,,,,,,,,,
1971-07-31,,,,,-0.031915,,0.125714,,,,,,,,,,,,,,,,,,
1971-08-31,,,,,0.043956,,0.10256399999999999,,,,,,,,,,,,,,,,,,
1971-09-30,,,,,-0.031579,,-0.05814,,,,,,,,,,,,,,,,,,
1971-10-31,,,,,0.006518,,0.009877,,,,,,,,,,,,,,,,,,
1971-11-30,,,,,-0.12222300000000001,,0.197531,,,,,,,,,,,,,,,,,,
1971-12-31,,,,,0.050633,,-0.030928,,,,,,,,,,,,,,,,,,
1972-01-31,,,,,0.084337,,0.178724,,,,,,,,,,,,,,,,,,
1972-02-29,,,,,-0.077778,,0.036364,,,,,,,,,,,,,,,,,,
1972-03-31,,,,,-0.084337,,-0.078947,,,,,,,,,,,,,,,,,,
1972-04-30,,,,,-0.050004999999999994,,-0.068571,,,,,,,,,,,,,,,,,,
1972-05-31,,,,,0.0,,0.195876,,,,,,,,,,,,,,,,,,
1972-06-30,,,,,-0.1,,0.017241,,,,,,,,,,,,,,,,,,
1972-07-31,,,,,-0.031745999999999996,,-0.077966,,,,,,,,,,,,,,,,,,
1972-08-31,,,,,0.0,,0.240741,,,,,,,,,,,,,,,,,,
1972-09-30,,,,,-0.032787000000000004,,0.126866,,,,,,,,,,,,,,,,,,
1972-10-31,,,,,-0.052887,,0.17086099999999999,,,,,,,,,,,,,,,,,,
1972-11-30,,,,,0.092592,,0.011364,,,,,,,,,,,,,,,,,,
1972-12-31,,,,,-0.135593,,0.151685,,,,,,,,,,,,,,,,,,
1973-01-31,,,,,0.019608,,-0.205853,,,,,,,,,,,,,,,,,,
1973-02-28,,,,,-0.076923,,-0.160494,,,,,,,,,,,,,,,,,,
1973-03-31,,,,,-0.041666999999999996,,-0.073529,,,,,,,,,,,,,,,,,,
1973-04-30,,,,,-0.051311999999999997,,-0.2,,,,,,,,,,,,,,,,,,
1973-05-31,,,,,-0.047618999999999995,,-0.02,,,,,,,,,,,,,,,,,,
1973-06-30,,,,,0.1,,-0.061224,,,,,,,,,,,,,,,,,,
1973-07-31,,,,,0.0,,-0.034783,,,,,,,,,,,,,,,,,,
1973-08-31,,,,,-0.045454999999999995,,0.045454999999999995,,,,,,,,,,,,,,,,,,
1973-09-30,,,,,0.071429,,-0.130435,,,,,,,,,,,,,,,,,,
1973-10-31,,,,,-0.088889,,0.16,,,,,,,,,,,,,,,,,,
1973-11-30,,,,,-0.150001,,-0.173913,,,,,,,,,,,,,,,,,,
1973-12-31,,,,,-0.088235,,-0.18420999999999998,,,,,,,,,,,,,,,,,,
1974-01-31,,,,,0.16129000000000002,,0.27096800000000004,,,,,,,,,,,,,,,,,,
1974-02-28,,,,,0.055556,,-0.051281999999999994,,,,,,,,,,,,,,,,,,
1974-03-31,,,,,0.078948,,0.189189,,,,,,,,,,,,,,,,,,
1974-04-30,,,,,0.0,,-0.19545500000000002,,,,,,,,,,,,,,,,,,
1974-05-31,,,,,-0.22122,,-0.08571400000000001,,,,,,,,,,,,,,,,,,
1974-06-30,,,,,-0.06451699999999999,,-0.0625,,,,,,,,,,,,,,,,,,
1974-07-31,,,,,-0.17241499999999998,,0.013333,,,,,,,,,,,,,,,,,,
1974-08-31,,,,,-0.041666,,-0.1,,,,,,,,,,,,,,,,,,
1974-09-30,,,,,-0.173913,,-0.148148,,,,,,,,,,,,,,,,,,
1974-10-31,,,,,0.301052,,0.45217399999999996,,,,,,,,,,,,,,,,,,
1974-11-30,,,,,-0.124999,,-0.030303,,,,,,,,,,,,,,,,,,
1974-12-31,,,,,-0.14285899999999999,,-0.109375,,,,,,,,,,,,,,,,,,
1975-01-31,,,,,0.38889,,1.014035,,,,,,,,,,,,,,,,,,
1975-02-28,,,,,-0.04,,-0.061403,,,,,,,,,,,,,,,,,,
1975-03-31,,,,,0.250002,,0.046729,,,,,,,,,,,,,,,,,,
1975-04-30,,,,,-0.073001,,-0.028571,,,,,,,,,,,,,,,,,,
1975-05-31,,,,,0.0,,0.231481,,,,,,,,,,,,,,,,,,
1975-06-30,,,,,0.296297,,0.097744,,,,,,,,,,,,,,,,,,
1975-07-31,,,,,-0.114285,,-0.056164,,,,,,,,,,,,,,,,,,
1975-08-31,,,,,0.0,,-0.109489,,,,,,,,,,,,,,,,,,
1975-09-30,,,,,-0.19355,,0.13114800000000001,,,,,,,,,,,,,,,,,,
1975-10-31,,,,,0.240002,,-0.023188,,,,,,,,,,,,,,,,,,
1975-11-30,,,,,-0.036452,,0.126866,,,,,,,,,,,,,,,,,,
1975-12-31,,,,,-0.275862,,-0.16556300000000002,,,,,,,,,,,,,,,,,,
1976-01-31,,,,,0.238094,,0.268254,,,,,,,,,,,,,,,,,,
1976-02-29,,,,,0.11538500000000002,,0.025157,,,,,,,,,,,,,,,,,,
1976-03-31,,,,,-0.076552,,-0.110429,,,,,,,,,,,,,,,,,,
1976-04-30,,,,,-0.076923,,0.23931000000000002,,,,,,,,,,,,,,,,,,
1976-05-31,,,,,-0.08333299999999999,,-0.260504,,,,,,,,,,,,,,,,,,
1976-06-30,,,,,-0.045454,,-0.045454999999999995,,,,,,,,,,,,,,,,,,
1976-07-31,,,,,0.142856,,-0.10952400000000001,,,,,,,,,,,,,,,,,,
1976-08-31,,,,,-0.124999,,0.027027000000000002,,,,,,,,,,,,,,,,,,
1976-09-30,,,,,-0.047618999999999995,,-0.026316000000000003,,,,,,,,,,,,,,,,,,
1976-10-31,,,,,-0.10000099999999999,,-0.02973,,,,,,,,,,,,,,,,,,
1976-11-30,,,,,-0.055555,,0.0,,,,,,,,,,,,,,,,,,
1976-12-31,,,,,0.529413,,0.028169,,,,,,,,,,,,,,,,,,
1977-01-31,,,,,0.038462,,-0.0027400000000000002,,,,,,,,,,,,,,,,,,
1977-02-28,,,,,-0.074075,,-0.069444,,,,,,,,,,,,,,,,,,
1977-03-31,,,,,0.240002,,-0.044775999999999996,,,,,,,,,,,,,,,,,,
1977-04-30,,,,,-0.129033,,-0.003125,,,,,,,,,,,,,,,,,,
1977-05-31,,,,,0.0,,0.07936499999999999,,,,,,,,,,,,,,,,,,
1977-06-30,,,,,0.481483,,0.102941,,,,,,,,,,,,,,,,,,
1977-07-31,,,,,0.2,,-0.002667,,,,,,,,,,,,,,,,,,
1977-08-31,,,,,-0.333333,,-0.067568,,,,,,,,,,,,,,,,,,
1977-09-30,,,,,0.09375,,0.101449,,,,,,,,,,,,,,,,,,
1977-10-31,,,,,0.085715,,0.286842,,,,,,,,,,,,,,,,,,
1977-11-30,,,,,0.026316000000000003,,0.082474,,,,,,,,,,,,,,,,,,
1977-12-31,,,,,0.051281999999999994,,-0.08571400000000001,,,,,,,,,,,,,,,,,,
1978-01-31,,,,,0.024390000000000002,,0.05,,,,,,,,,,,,,,,,,,
1978-02-28,,,,,-0.023809,,-0.01,,,,,,,,,,,,,,,,,,
1978-03-31,,,,,0.146341,,0.292929,,,,,,,,,,,,,,,,,,
1978-04-30,,,,,0.234043,,0.107812,,,,,,,,,,,,,,,,,,
1978-05-31,,,,,-0.051724,,0.042553,,,,,,,,,,,,,,,,,,
1978-06-30,,,,,0.036364,,0.068027,,,,,,,,,,,,,,,,,,
1978-07-31,,,,,-0.10526300000000001,,0.036943000000000004,,,,,,,,,,,,,,,,,,
1978-08-31,,,,,0.058823999999999994,,-0.012346,,,,,,,,,,,,,,,,,,
1978-09-30,,,,,0.018518,,0.0125,,,,,,,,,,,,,,,,,,
1978-10-31,,,,,-0.43636400000000003,,-0.180247,,,,,,,,,,,,,,,,,,
1978-11-30,,,,,0.193548,,0.136364,,,,,,,,,,,,,,,,,,
1978-12-31,,,,,-0.054054000000000005,,0.013333,,,,,,,,,,,,,,,,,,
1979-01-31,,,,,0.142858,,0.060525999999999996,,,,,,,,,,,,,,,,,,
1979-02-28,,,,,-0.125001,,0.0375,,,,,,,,,,,,,,,,,,
1979-03-31,,,,,-0.08571400000000001,,-0.060240999999999996,,,,,,,,,,,,,,,,,,
1979-04-30,,,,,-0.03125,,-0.05641,,,,,,,,,,,,,,,,,,
1979-05-31,,,,,0.16129000000000002,,-0.054794999999999996,,,,,,,,,,,,,,,,,,
1979-06-30,,,,,-0.111111,,0.014493,,,,,,,,,,,,,,,,,,
1979-07-31,,,,,-0.0625,,-0.02,,,,,,,,,,,,,,,,,,
1979-08-31,,,,,0.3,,0.0,,,,,,,,,,,,,,,,,,
1979-09-30,,,,,-0.10256399999999999,,0.0,,,,,,,,,,,,,,,,,,
1979-10-31,,,,,-0.17142800000000002,,-0.079412,,,,,,,,,,,,,,,,,,
1979-11-30,,,,,0.137931,,0.112903,,,,,,,,,,,,,,,,,,
1979-12-31,,,,,0.08484799999999999,,0.0,,,,,,,,,,,,,,,,,,
1980-01-31,,,,,-0.028572,,0.168116,,,,,,,,,,,,,,,,,,
1980-02-29,,,,,-0.117647,,-0.1,,,,,,,,,,,,,,,,,,
1980-03-31,,,,,-0.10000099999999999,,-0.111111,,,,,,,,,,,,,,,,,,
1980-04-30,,,,,0.0,,0.071875,,,,,,,,,,,,,,,,,,
1980-05-31,,,,,0.037038,,-0.029411999999999997,,,,,,,,,,,,,,,,,,
1980-06-30,,,,,0.242857,,0.060606,,,,,,,,,,,,,,,,,,
1980-07-31,,,,,0.058823999999999994,,0.265714,,,,,,,,,,,,,,,,,,
1980-08-31,,,,,0.33333399999999996,,0.102273,,,,,,,,,,,,,,,,,,
1980-09-30,,,,,-0.020834000000000002,,0.030928,,,,,,,,,,,,,,,,,,
1980-10-31,,,,,0.06383,,0.11699999999999999,,,,,,,,,,,,,,,,,,
1980-11-30,,,,,0.1,,0.144144,,,,,,,,,,,,,,,,,,
1980-12-31,,,,,0.021818,,-0.031495999999999996,,,,,,,,,,,,,,,,,,
1981-01-31,,,,,-0.018181,,0.070732,,,,,,,,,,,,,,,,,,
1981-02-28,,,,,-0.018519,,0.145038,,,,,,,,,,,,,,,,,,
1981-03-31,,,,,0.037736,,-0.053333000000000005,,,,,,,,,,,,,,,,,,
1981-04-30,,,,,0.254546,,0.026056,,,,,,,,,,,,,,,,,,
1981-05-31,,,,,0.173913,,0.0,,,,,,,,,,,,,,,,,,
1981-06-30,,,,,0.192593,,0.034483,,,,,,,,,,,,,,,,,,
1981-07-31,,,,,-0.13684200000000002,,0.032,,,,,,,,,,,,,,,,,,
1981-08-31,,,,,-0.012195000000000001,,-0.220779,,,,,,,,,,,,,,,,,,
1981-09-30,,,,,0.111111,,-0.15,,,,,,,,,,,,,,,,,,
1981-10-31,,,,,0.177778,,0.17451,,,,,,,,,,,,,,,,,,
1981-11-30,,,,,-0.028302,,-0.008403,,,,,,,,,,,,,,,,,,
1981-12-31,,,,,-0.168932,,-0.059322,,,,,,,,,,,,,,,,,,
1982-01-31,,,,,0.047618999999999995,,-0.01982,,,,,,,,,,,,,,,,,,
1982-02-28,,,,,-0.056818,,-0.064815,,,,,,,,,,,,,,,,,,
1982-03-31,,,,,0.036145000000000004,,0.029703,,,,,,,,,,,,,,,,,,
1982-04-30,,,,,0.290698,,0.286538,,,,,,,,,,,,,,,,,,
1982-05-31,,,,,-0.036036,,-0.082707,,,,,,,,,,,,,,,,,,
1982-06-30,,,,,-0.028037,,-0.04918,,,,,,,,,,,,,,,,,,
1982-07-31,,,,,0.303846,,-0.044828,,,,,,,,,,,,,,,,,,
1982-08-31,,,,,-0.037313,,-0.036364,,,,,,,,,,,,,,,,,,
1982-09-30,,,,,0.0,,-0.009434,,,,,,,,,,,,,,,,,,
1982-10-31,,,,,-0.054264,,-0.011429,,,,,,,,,,,,,,,,,,
1982-11-30,,,,,-0.139344,,0.184466,,,,,,,,,,,,,,,,,,
1982-12-31,,,,,0.081905,,0.016393,,,,,,,,,,,,,,,,,,
1983-01-31,,,,,0.0,,0.03871,,,,,,,,,,,,,,,,,,
1983-02-28,,,,,0.0,,0.046875,,,,,,,,,,,,,,,,,,
1983-03-31,,,,,0.19642800000000002,,0.041045,,,,,,,,,,,,,,,,,,
1983-04-30,,,,,0.014924999999999999,,0.037993,,,,,,,,,,,,,,,,,,
1983-05-31,,,,,0.139704,,-0.069444,,,,,,,,,,,,,,,,,,
1983-06-30,,,,,0.08387,,0.0,,,,,,,,,,,,,,,,,,
1983-07-31,,,,,-0.053571,,-0.016418,,,,,,,,,,,,,,,,,,
1983-08-31,,,,,-0.019107,,-0.015267,,,,,,,,,,,,,,,,,,
1983-09-30,,,,,0.038961,,0.031008,,,,,,,,,,,,,,,,,,
1983-10-31,,,,,-0.03125,,-0.084211,,,,,,,,,,,,,,,,,,
1983-11-30,,,,,-0.348386,,0.024793,,,,,,,,,,,,,,,,,,
1983-12-31,,,,,-0.009901,,0.032258,,,,,,,,,,,,,,,,,,
1984-01-31,,,,,-0.020408,,-0.05625,,,,,,,,,,,,,,,,,,
1984-02-29,,,,,0.072917,,0.0,,,,,,,,,,,,,,,,,,
1984-03-31,,,,,-0.058253000000000006,,-0.033333,,,,,,,,,,,,,,,,,,
1984-04-30,,,,,0.123712,,0.041379,,,,,,,,,,,,,,,,,,
1984-05-31,,,,,-0.146789,,-0.05,,,,,,,,,,,,,,,,,,
1984-06-30,,,,,-0.025377,,-0.013158000000000001,,,,,,,,,,,,,,,,,,
1984-07-31,,,,,-0.159091,,0.073778,,,,,,,,,,,,,,,,,,
1984-08-31,,,,,0.10810800000000001,,0.116667,,,,,,,,,,,,,,,,,,
1984-09-30,,,,,-0.024390000000000002,,0.014924999999999999,,,,,,,,,,,,,,,,,,
1984-10-31,,,,,-0.025,,0.035294,,,,,,,,,,,,,,,,,,
1984-11-30,,,,,-0.11538500000000002,,-0.028571,,,,,,,,,,,,,,,,,,
1984-12-31,,,,,-0.014493,,0.0,,,,,,,,,,,,,,,,,,
1985-01-31,,,,,0.044118000000000004,,-0.016176,,,,,,,,,,,,,,,,,,
1985-02-28,,,,,-0.070423,,0.037593999999999995,,,,,,,,,,,,,,,,,,
1985-03-31,,,,,0.16666699999999998,,0.0,,,,,,,,,,,,,,,,,,
1985-04-30,,,,,-0.16883099999999998,,0.034783,,,,,,,,,,,,,,,,,,
1985-05-31,,,,,0.015625,,0.059859,,,,,,,,,,,,,,,,,,
1985-06-30,,,,,0.045846,,0.009967,,,,,,,,,,,,,,,,,,
1985-07-31,,,,,0.015152,,0.051316,,,,,,,,,,,,,,,,,,
1985-08-31,,,,,0.029851000000000003,,0.018868,,,,,,,,,,,,,,,,,,
1985-09-30,,,,,-0.043478,,-0.012346,,,,,,,,,,,,,,,,,,
1985-10-31,,,,,-0.030303,,0.0675,,,,,,,,,,,,,,,,,,
1985-11-30,,,,,-0.03125,,0.18823499999999999,,,,,,,,,,,,,,,,,,
1985-12-31,,,,,0.193549,,-0.059406,,,,,,,,,,,,,,,,,,
1986-01-31,,,,,0.0,,0.015789,,,,,,,,,,,,,,,,,,
1986-02-28,,,,,0.27027,,-0.010417000000000001,,,,,,,,,,,,,,,,,,
1986-03-31,,,,,0.021277,,0.05,,,,,,,,,,,,,,,,,,
1986-04-30,,,,,-0.135417,,0.002506,,,,,,,,,,,,,,,,,,
1986-05-31,,,,,0.036145000000000004,,0.045225999999999995,,,,,,,,,,,,,,,,,,
1986-06-30,,,,,0.116232,,0.038462,,,,,,,,,,,,,,,,,,
1986-07-31,,,,,0.040773000000000004,,-0.078704,,,,,,,,,,,,,,,,,,
1986-08-31,,,,,-0.134021,,-0.040404,,,,,,,,,,,,,,,,,,
1986-09-30,,,,,-0.19047599999999998,,-0.052632000000000005,,,,,,,,,,,,,,,,,,
1986-10-31,,,,,0.0,,0.127778,,,,,,,,,,,,,,,,,,
1986-11-30,,,,,0.058823999999999994,,0.009901,,,,,,,,,,,,,,,,,,
1986-12-31,,,,,0.027778,,0.0,,,,,,,,,,,,,,,,,,
1987-01-31,,,,,-0.027027000000000002,,0.034314,,,,,,,,,,,,,,,,,,
1987-02-28,,,,,0.069444,,0.21904800000000002,,,,,,,,,,,,,,,,,,
1987-03-31,,,,,-0.116883,,0.09375,,,,,,,,,,,,,,,,,,
1987-04-30,,,,,-0.044118000000000004,,-0.039286,,,,,,,,,,,,,,,,,,
1987-05-31,,,,,-0.030769,,0.074627,,,,,,,,,,,,,,,,,,
1987-06-30,,,,,0.015872999999999998,,0.020833,,,,,,,,,,,,,,,,,,
1987-07-31,,,,,0.094375,,0.010204,,,,,,,,,,,,,,,,,,
1987-08-31,,,,,0.058823999999999994,,-0.12162200000000001,,,,,,,,,,,,,,,,,,
1987-09-30,,,,,0.013889,,0.107692,,,,,,,,,,,,,,,,,,
1987-10-31,,,,,-0.342466,,-0.31597200000000003,,,,,,,,,,,,,,,,,,
1987-11-30,,,,,0.0,,0.142857,,,,,,,,,,,,,,,,,,
1987-12-31,,,,,-0.020833,,-0.017857,,,,,,,,,,,,,,,,,,
1988-01-31,,,,,0.085107,,-0.022727,,,,,,,,,,,,,,,,,,
1988-02-29,,,,,0.117647,,0.06542099999999999,,,,,,,,,,,,,,,,,,
1988-03-31,,,,,0.070176,,0.052632000000000005,,,,,,,,,,,,,,,,,,
1988-04-30,,,,,0.22950800000000002,,-0.0041670000000000006,,,,,,,,,,,,,,,,,,
1988-05-31,,,,,0.06666699999999999,,-0.008403,,,,,,,,,,,,,,,,,,
1988-06-30,,,,,0.0375,,0.084746,,,,,,,,,,,,,,,,,,
1988-07-31,,,,,-0.11891600000000001,,0.035156,,,,,,,,,,,,,,,,,,
1988-08-31,,,,,0.070422,,-0.075758,,,,,,,,,,,,,,,,,,
1988-09-30,,,,,-0.013158000000000001,,0.04918,,,,,,,,,,,,,,,,,,
1988-10-31,,,,,-0.12,,0.050781,,,,,,,,,,,,,,,,,,
1988-11-30,,,,,-0.030303,,-0.014924999999999999,,,,,,,,,,,,,,,,,,
1988-12-31,,,,,-0.015625,,-0.030303,,,,,,,,,,,,,,,,,,
1989-01-31,,,,,0.07936499999999999,,0.042969,,,,,,,,,,,,,,,,,,
1989-02-28,,,,,-0.029411999999999997,,-0.0075190000000000005,,,,,,,,,,,,,,,,,,
1989-03-31,,,,,-0.030303,,0.003788,,,,,,,,,,,,,,,,,,
1989-04-30,,,,,0.125,,0.144151,,,,,,,,,,,,,,,,,,
1989-05-31,,,,,-0.013889,,0.006623,,,,,,,,,,,,,,,,,,
1989-06-30,,,,,-0.013521,,0.039474,,,,,,,,,,,,,,,,,,
1989-07-31,,,,,-0.029411999999999997,,0.022785000000000003,,,,,,,,,,,,,,,,,,
1989-08-31,,,,,-0.045454,,0.031056,,,,,,,,,,,,,,,,,,
1989-09-30,,,,,-0.12698399999999999,,0.0,,,,,,,,,,,,,,,,,,
1989-10-31,,,,,-0.036363,,-0.020482,,,,,,,,,,,,,,,,,,
1989-11-30,,,,,-0.037736,,0.037037,,,,,,,,,,,,,,,,,,
1989-12-31,,,,,0.039216,,0.107143,,,,,,,,,,,,,,,,,,
1990-01-31,,,,,-0.226415,,-0.10430099999999999,,,,,,,,,,,,,,,,,,
1990-02-28,,,,,0.121951,,0.024096000000000003,,,,,,,,,,,,,,,,,,
1990-03-31,,,,,0.108696,,-0.035294,,,,,,,,,,,,,,,,,,
1990-04-30,,,,,-0.039216,,-0.020732,,,,,,,,,,,,,,,,,,
1990-05-31,,,,,0.12244899999999999,,0.0625,,,,,,,,,,,,,,,,,,
1990-06-30,,,,,0.273455,,0.011765000000000001,,,,,,,,,,,,,,,,,,
1990-07-31,,,,,-0.102941,,-0.019186,,,,,,,,,,,,,,,,,,
1990-08-31,,,,,-0.18032800000000002,,-0.053571,,,,,,,,,,,,,,,,,,
1990-09-30,,,,,-0.26,,0.0,,,,,,,,,,,,,,,,,,
1990-10-31,,,,,-0.027027000000000002,,0.010692,,,,,,,,,,,,,,,,,,
1990-11-30,,,,,0.222223,,-0.0125,,,,,,,,,,,,,,,,,,
1990-12-31,,,,,0.068182,,0.08860799999999999,,,,,,,,,,,,,,,,,,
1991-01-31,,,,,0.0,,-0.030813999999999998,,,,,,,,,,,,,,,,,,
1991-02-28,,,,,0.340426,,0.066265,,,,,,,,,,,,,,,,,,
1991-03-31,,,,,-0.031745999999999996,,0.045198,,,,,,,,,,,,,,,,,,
1991-04-30,,,,,0.04918,,0.063243,,,,,,,,,,,,,,,,,,
1991-05-31,,,,,-0.015625,,-0.020408,,,,,,,,,,,,,,,,,,
1991-06-30,,,,,-0.015872999999999998,,-0.010417000000000001,,,,,,,,,,,,,,,,,,
1991-07-31,,,,,0.013387,,-0.006842,,,,,,,,,,,,,,,,,,
1991-08-31,,,,,0.0,,0.06383,,,,,,,,,,,,,,,,,,
1991-09-30,,,,,0.147541,,-0.0325,,,,,,,,,,,,,,,,,,
1991-10-31,,,,,-0.08571400000000001,,0.058398000000000005,,,,,,,,,,,,,,,,,,
1991-11-30,,,,,0.046875,,-0.039216,,,,,,,,,,,,,,,,,,
1991-12-31,,,,,0.0,,0.071429,,,,,,,,,,,,,,,,,,
1992-01-31,,,,,0.029851000000000003,,0.18476199999999998,,,,,,,,,,,,,,,,,,
1992-02-29,,,,,-0.115942,,-0.008065,,,,,,,,,,,,,,,,,,
1992-03-31,,,,,-0.098361,,-0.024390000000000002,,,,,,,,,,,,,,,,,,
1992-04-30,,,,,0.036364,,0.024167,,,,,,,,,,,,,,,,,,
1992-05-31,,,,,-0.017544,,-0.028571,,,,,,,,,,,,,,,,,,
1992-06-30,,,,,-0.017857,,-0.02521,,,,,,,,,,,,,,,,,,
1992-07-31,,,,,0.217273,,-0.009483,,,,,,,,,,,,,,,,,,
1992-08-31,,,,,-0.153846,,0.022926000000000002,,,,,,,,,,,,,,,,,,
1992-09-30,,,,,0.036364,,-0.025613999999999998,,,,,,,,,,,,,,,,,,
1992-10-31,,,,,-0.017544,,-0.049726,,,,,,,,,,,,,,,,,,
1992-11-30,,,,,0.017857,,0.064815,,,,,,,,,,,,,,,,,,
1992-12-31,,,,,0.21052600000000002,,0.026087,,,,,,,,,,,,,,,,,,
1993-01-31,,,,,0.144928,,0.054661,,,,,,,,,,,,,,,,,,
1993-02-28,,,,,-0.037975,,0.016129,,,,,,,,,,,,,,,,,,
1993-03-31,,,,,-0.052632000000000005,,0.12698399999999999,,,,,,,,,,,,,,,,,,
1993-04-30,,,,,-0.027778,,0.052465000000000005,,,,,,,,,,,,,,,,,,
1993-05-31,,,,,0.08571400000000001,,0.033557000000000003,,,,,,,,,,,,,,,,,,
1993-06-30,,,,,-0.118421,,-0.019481,,,,,,,,,,,,,,,,,,
1993-07-31,,,,,0.014627,,0.00298,,,,,,,,,,,,,,,,,,
1993-08-31,,,,,-0.045454999999999995,0.008929,-0.039735,,,,,,,,,,,,,,,,,,
1993-09-30,,,,,0.12698399999999999,0.061947,0.02069,,,,,,,,,,,,,,,,,,
1993-10-31,,,,,0.084507,-0.05,0.037162,,0.09434,,,,,,,,,,,,,,,,
1993-11-30,,,,,-0.077922,-0.04386,-0.117647,,-0.068966,,,,,,,,,,,,,,,,
1993-12-31,,,,,-0.098592,-0.091743,0.044444,,-0.231481,,,,,,,,,,,,,,,,
1994-01-31,,0.046154,,,-0.046875,0.20202,-0.039007,,0.060240999999999996,,,,,,,,,,,,,,,,
1994-02-28,,0.044118000000000004,,,-0.081967,-0.033613,-0.014815,,-0.068182,,,,,,,,,,,,,,,,
1994-03-31,,-0.197183,,,0.071428,0.0,0.058270999999999996,,-0.268293,,,,,,,,,,,,,,,,
1994-04-30,,-0.122807,,,0.0,-0.017391,-0.0373,,-0.06666699999999999,,,,,,,,,,,,,,,,
1994-05-31,,-0.02,,,-0.1,-0.044248,-0.051852,,-0.142857,,,,,,,,,,,,,,,,
1994-06-30,,-0.061224,,,0.018519,-0.231481,-0.039063,,-0.08333299999999999,,,,,,,,,,,,,,,,
1994-07-31,,-0.01087,,,-0.119818,-0.24096399999999998,0.036585,,0.0,,,,,,,,,,,,,,,,
1994-08-31,,0.186813,,,-0.021277,0.142857,-0.023622,,0.09090899999999999,,,,,,,,,,,,,,,,
1994-09-30,,-0.037037,,,0.043478,0.041666999999999996,0.032258,,-0.125,,,,,,,,,,,,,,,,
1994-10-31,,0.019231,,,-0.0625,-0.08,0.019531,,0.214286,,,,,,,,,,,,,,,,
1994-11-30,,-0.037736,,,0.044444,-0.115942,-0.046154,,0.509804,,,,,,,,,,,,,,,,
1994-12-31,,-0.13725500000000002,,,-0.021277,-0.040984,0.0,,-0.09090899999999999,,,,,,,,,,,,,,,,
1995-01-31,,-0.09090899999999999,,,-0.043478,0.008547,-0.044355000000000006,,-0.08571400000000001,,,,,,,,,,,,,,,,
1995-02-28,,0.35,,,0.022727,0.18644100000000002,0.101695,,-0.125,,,,,,,,,,,,,,,,
1995-03-31,,-0.055556,,,0.155556,0.1,-0.034615,,0.285714,,,,,,,,,,,,,,,,
1995-04-30,,0.058823999999999994,,,-0.019231,-0.012987,-0.031873,,-0.194444,,,,,,,,,,,,,,,,
1995-05-31,,-0.351852,,,0.019608,-0.072368,0.008264,,0.0,,,,,,,,,,,,,,,,
1995-06-30,,-0.171429,,,0.05769199999999999,0.021277,0.004098,,-0.051724,,,,,,,,,,,,,,,,
1995-07-31,,0.017241,,,0.011273,0.0,-0.0,,0.036364,,,,,,,,,,,,,,,,
1995-08-31,,-0.135593,,,-0.037037,0.013889,0.02459,,-0.087719,,,,,,,,,,,,,,,,
1995-09-30,,-0.156863,,,-0.076923,-0.013699,0.04,,-0.076923,,,,,,,,,,,,,,,,
1995-10-31,,-0.18604700000000002,,,0.0,-0.055556,-0.015385,,0.333333,,,,,,,,,,,,,,,,
1995-11-30,,-0.142857,,,-0.041666999999999996,0.132353,0.113725,,-0.1875,,,,,,,,,,,,,,,,
1995-12-31,,-0.033333,,,-0.086957,-0.025974,-0.04225399999999999,,-0.038462,,,,,,,,,,,,,,,,
1996-01-31,,0.0,,,0.023809999999999998,0.2,-0.010662,,0.16,,,,,,,,,,,,,,,,
1996-02-29,,0.051586,,,-0.069767,-0.016667,0.044775999999999996,,-0.103448,,,,,,,,,,,,,,,,
1996-03-31,,0.049318,,,0.0,-0.016949000000000002,-0.05,,0.09615399999999999,,,,,,,,,,,,,,,,
1996-04-30,,-0.09375,,,0.025,0.011493999999999999,-0.0033829999999999997,,-0.122807,,,,,,,,,,,,,,,,
1996-05-31,,0.068966,,,0.0,-0.045454999999999995,0.08333299999999999,,0.16,,,,,,,,,,,,,,,,
1996-06-30,,-0.096774,,,-0.048780000000000004,-0.023809999999999998,-0.034965,,-0.051724,,,,,,,,,,,,,,,,
1996-07-31,,-0.17857099999999998,,,-0.051281999999999994,0.073171,-0.010506999999999999,,0.09090899999999999,,,,,,,,,,,,,,,,
1996-08-31,,0.173913,,,0.10810800000000001,-0.079545,0.036765,,-0.06666699999999999,,,,,,,,,,,,,,,,
1996-09-30,,-0.203852,,,-0.048780000000000004,-0.037037,0.070922,,-0.017857,,,,,,,,,,,,,,,,
1996-10-31,,0.069967,,,-0.025640999999999997,0.051281999999999994,0.023841,,-0.072727,,,,,,-0.057143,,,,,,,,,,
1996-11-30,,-0.130435,,,-0.026316000000000003,-0.036585,-0.045454999999999995,,0.078431,,,,,,-0.17430299999999999,,,,,,,,,,
1996-12-31,,0.05,,,0.081081,0.0,0.034014,,-0.10909100000000001,,,,,,0.009248,,,,,,,,,,
1997-01-31,,0.619048,,,0.025,0.126582,-0.042105,,0.163265,,,,,,-0.09090899999999999,,,,,,,,,,
1997-02-28,,-0.132471,,,0.048780000000000004,-0.02809,0.034483,,0.017544,,,,,,0.14,,,,,,,,,,
1997-03-31,,-0.288039,,,0.09302300000000001,-0.0057799999999999995,-0.1,,-0.068966,,,,,,-0.017544,,,,,,,,,,
1997-04-30,,0.047618999999999995,,,-0.021277,0.034884,-0.025185,,-0.148148,,,,,,-0.23214300000000002,,,,,,,,,,
1997-05-31,,-0.204728,,,0.021739,0.011236,-0.030534,,0.26087,,,,,,-0.023256000000000002,,,,,,,,,,
1997-06-30,,0.25743099999999997,,,0.24459599999999998,0.111111,0.0,,0.17241399999999998,,,,,,-0.047618999999999995,,,,,,,,,,
1997-07-31,,-0.18181799999999998,,,0.0,-0.04,0.048031,,0.132353,,,,,,-0.225,,,,,,,,,,
1997-08-31,,-0.194667,,,-0.051286,0.03125,0.116981,,-0.012987,,,,,,-0.032258,,,,,,,,,,
1997-09-30,,0.0,,,0.135217,0.252525,0.0,,0.052632000000000005,,,,,,0.0832,,,,,,,,,,
1997-10-31,,-0.137969,,,-0.111111,-0.129032,-0.009459,,0.0125,,,,,,0.107829,,,,,,,,,,
1997-11-30,,-0.21959,,,0.026714,0.13888899999999998,0.068493,,-0.271605,,,,,,-0.25,,,,,,,,,,
1997-12-31,,-0.077112,,,-0.026019,0.024390000000000002,0.198718,,-0.050846999999999996,,,,,,-0.185185,,,,,,,,,,
1998-01-31,,-0.111111,,,-0.017857,0.111111,0.000802,,0.035714,,,,,,-0.06836400000000001,,,,,,,,,,
1998-02-28,,0.061999000000000005,,,0.054545,0.06428600000000001,-0.018767,,0.08620699999999999,,,,,,0.17096,,,,,,,,,,
1998-03-31,,-0.11770200000000001,,,0.068966,0.100671,0.010929,,-0.111111,,,,,,0.0,,,,,,,,,,
1998-04-30,,0.167289,,,-0.040323000000000005,0.27439,0.067703,,0.017857,,,,,,0.333333,,,,,,,,,,
1998-05-31,,-0.08571400000000001,,,0.016807000000000002,-0.136364,0.015872999999999998,,-0.157895,,,,,,-0.1875,,,,,,,,,,
1998-06-30,,0.0,,,-0.107438,0.096953,0.195,,0.0,,,,,,0.05769199999999999,,,,,,,,,,
1998-07-31,,-0.21875,,,-0.064815,-0.093434,-0.014017,,0.0625,,,,,,-0.2,,,,,,,,,,
1998-08-31,,-0.84,,,-0.237624,-0.21448499999999998,-0.12766,,-0.294118,,,,,,-0.318182,,,,,,,,,,
1998-09-30,,-0.56,,,0.298701,-0.141844,0.048780000000000004,,0.111111,,,,,,0.06666699999999999,,,,,,,,,,
1998-10-31,,-0.272727,,,0.1,0.289256,-0.059535,,0.15,,,,,,-0.375,,,,,,,,,,
1998-11-30,,-0.25,,,-0.054545,0.275641,0.042184,,0.0,,,,,,0.6,,,,,,,,,,
1998-12-31,,0.666667,,,-0.05769199999999999,0.11808999999999999,0.019048,,-0.043478,,,,,,-0.125,,,,,,,,,,
1999-01-31,,-0.3,,,-0.153061,0.038202,0.01729,,0.318182,,,,,,0.0,,,,,,,,,,
1999-02-28,,0.142857,,,0.048193,0.0,-0.16445900000000002,,-0.034483,,,,,,0.17857099999999998,,,,,,,,,,
1999-03-31,,-0.375,,,0.011493999999999999,-0.251082,0.130645,,-0.08928599999999999,,,,,,-0.09090899999999999,,,,,,,,,,
1999-04-30,,0.6,,,0.715909,-0.115607,-0.064878,,0.16666699999999998,,,,,,0.033333,,,,,,,,,,
1999-05-31,,-0.25,,,0.10596,0.006535999999999999,0.073298,,0.092437,,,,,,0.032258,,,,,,,,,,
1999-06-30,,0.666667,,,0.0,0.116883,-0.004878,,-0.157692,,,,,,0.28125,,,,,,,,,,
1999-07-31,,-0.5,,,-0.005988,-0.046512000000000005,-0.029657,,0.022831,,,,,,0.154644,,,,,,,,,,
1999-08-31,,-0.4,,,0.006024000000000001,-0.030488,0.002535,,0.107143,,,,,,0.0,,,,,,,,,,
1999-09-30,,0.0,,,0.041916,-0.031446999999999996,-0.16055599999999998,,0.169355,,,,,,,,,,,,,,,,
1999-10-31,,0.0,,,0.057470999999999994,-0.11039,0.0045179999999999994,,-0.227586,,,,,,,,,,,,,,,,
1999-11-30,,-0.666667,,,0.0,0.20802900000000002,0.0,,0.285714,,,,,,,,,,,,,,,,
1999-12-31,,-0.6,,,,-0.10045299999999999,-0.042169,,-0.125,,,,,,,,,,,,,,,,
2000-01-31,,0.0,,,,0.202351,-0.001572,,0.38095199999999996,,,,,,,,,,,,,,,,
2000-02-29,,0.0,,,,0.16201100000000002,0.012658,,0.195402,,,,,,,,,,,,,,,,
2000-03-31,,1.5,,,,0.322115,0.11875,,-0.019231,,,,,,,,,,,,,,,,
2000-04-30,,0.0,,,,-0.021818,0.037709,,0.372549,,,,,,,,,,,,,,,,
2000-05-31,,0.0,,,,0.161543,-0.097297,,0.014286,,,,,,,,,,,,,,,,
2000-06-30,,-0.4,,,,0.0,0.047904,,-0.017606,,,,,,,,,,,,,,,,
2000-07-31,,0.333333,,,,,0.01,,-0.24372800000000003,,,,,,,,,,,,,,,,
2000-08-31,,0.0,,,,,-0.020952000000000002,,0.42180100000000004,,,,,,,,,,,,,,,,
2000-09-30,,0.0,,,,,0.044614,,0.006666999999999999,,,,,,,,,,,,,,,,
2000-10-31,,-0.25,,,,,0.088125,,0.655629,,,,,,,,,,,,,,,,
2000-11-30,,0.0,,,,,-0.036206,,0.28,,,,,,,,,,,,,,0.2,,
2000-12-31,,0.0,,,,,0.103723,,0.25,,,,,,,,,,,,,,-0.4,,
2001-01-31,,0.0,,,,,0.073735,,-0.1375,,,,,,,,,,,,,,-0.583333,,
2001-02-28,,0.0,,,,,0.009009,,0.002899,,,,,,,,-0.146739,,,,,,0.8933329999999999,,
2001-03-31,,0.0,,,,,0.066685,,-0.208092,,,,,,,,-0.28025500000000003,,,,,,-0.691549,,
2001-04-30,,0.0,,,,,-0.09679299999999999,,0.48905099999999996,,,,,,,,0.37345100000000003,,,,,,0.050228,,
2001-05-31,,0.0,,,,,0.018557,,0.215686,,,,,,,,-0.15154600000000001,,,,,,-0.26087,,
2001-06-30,,0.0,,,,,0.063927,,-0.036128999999999994,,,,,,,,-0.001215,,,,,,-0.294118,,
2001-07-31,,0.0,,,,,-0.000858,,0.285475,,,,,,,,0.007299,,,,,,0.5,,
2001-08-31,,-0.666667,,,,,-0.00431,,-0.23301200000000002,,,,,,,,0.02657,,,,,,0.111111,,
2001-09-30,,0.0,,,,,-0.047618999999999995,,-0.21758299999999997,,,,,,,,-0.117647,,,,,,-0.45,,
2001-10-31,,0.0,,,,,0.0175,,-0.025596999999999998,,,,,,,,0.14133300000000001,,,,,,0.636364,,
2001-11-30,,0.0,,,,,0.022422,,0.129564,,,,,,,,-0.024533,,,,,,0.722222,,
2001-12-31,,0.0,,,,,0.162281,,0.079622,,,,,,,,0.350898,,,,,,-0.7096769999999999,,
2002-01-31,,0.0,,,,,0.073019,,-0.148594,,,,,,,,0.120567,,,,,,-0.722222,,
2002-02-28,,0.0,,,,,0.005467,,-0.216123,,,,,,,,0.170736,,,,,,0.2,,
2002-03-31,,0.0,,,,,0.062971,,0.135667,,,,,,,,-0.126915,,,,,,-0.433333,,
2002-04-30,,0.0,,,,,0.14801999999999998,,0.184971,,,,,,,,0.20975200000000002,,,,,,0.176471,,
2002-05-31,,0.0,,,,,-0.014409,,-0.029268000000000002,0.151515,,,,,,,0.023672,,,,,,-0.25,,
2002-06-30,,1.0,,,,,0.060731,,-0.11180899999999999,0.6842109999999999,,,,,,,0.150625,,,,,,-0.333333,,
2002-07-31,,0.0,,,,,-0.074207,,-0.017445,-0.359375,,,,,,,-0.214557,,,,,,0.0,,
2002-08-31,,0.0,,,,,0.01791,,-0.28023,-0.287805,,,,,,,0.042185,,,,0.069,,,,
2002-09-30,,0.5,,,,,-0.046915,,-0.14066700000000001,-0.43150700000000003,,,,,,,-0.15063000000000001,,,,0.062417,,,,
2002-10-31,,0.0,,,,,-0.049544,,0.065943,0.048193,,,,,,,0.126562,,,,-0.008243,,,,
2002-11-30,,0.0,,,,,0.006526,,0.117904,-0.137931,,,,,,,0.026352,,,,-0.017568999999999998,,,,
2002-12-31,,0.0,,,,,-0.0032579999999999996,,-0.016276,-0.4,,,,,,,-0.045270000000000005,,,,0.06684,,,,
2003-01-31,,0.0,,,,,0.006149,,-0.006618000000000001,-0.222222,,,,,,,0.007856,,,,0.005223,,,,
2003-02-28,,0.0,,,,,-0.01129,,-0.067955,1.3142859999999998,,,,,,,-0.054139,,,,0.041121,,,,
2003-03-31,,0.666667,,,,,0.001762,,0.313796,-0.469136,,,,,,,0.230883,,,,0.057261,,,,
2003-04-30,,0.0,,,,,0.062239,,-0.06148,-0.174419,,,,,,,0.025935,,,,0.0007049999999999999,,,,
2003-05-31,,0.0,,,,,-0.009992,,-0.007478,0.549296,,,,,,,0.005879,,,,0.0007109999999999999,,,,
2003-06-30,,0.0,,,,,0.053696,,0.109748,0.963636,,,,,,,0.02104,,,,0.05557,,,,
2003-07-31,,,,,,,-0.008518,,0.032632,-0.027778,,,,,,,0.050944,,,,0.0006850000000000001,,,,
2003-08-31,,,,,,,0.040179,,0.006116,0.06666699999999999,,,,,,,0.148148,,,,0.041341,,,,
2003-09-30,,0.0,,,,,-0.083042,,0.0030399999999999997,0.20535699999999998,,,,,,,-0.066888,,,,0.043975999999999994,,,,
2003-10-31,,0.0,,,,,0.010781,,0.077778,0.059259000000000006,,,,,,,-0.143366,,,,-0.018365,,,,
2003-11-30,,0.0,,,,,-0.007752,,0.08903499999999999,-0.244755,,,,,,,-0.00178,,,,0.03582,,,,
2003-12-31,,0.0,,,,,-0.01875,,-0.013769,-0.148148,,,,,,,0.03805,,,,0.061482999999999996,,-0.648649,,
2004-01-31,,0.0,,,,,0.00621,,-0.10733000000000001,-0.054348,,,,,,,0.0057269999999999995,,,,0.048989000000000005,,1.307692,,
2004-02-29,,0.0,,,,,0.031714,,-0.018573,-0.47126399999999996,,,,,,,0.166287,,,,0.068551,,1.6066669999999998,,
2004-03-31,,0.0,,,,,0.107726,,0.002988,-0.630435,,,,,,,0.040039,,,,0.007092,,0.12532,,
2004-04-30,,0.0,,,,,0.016528,,0.060079,0.32352899999999996,,,,,,,0.024413,,,,-0.077876,,-0.125,,
2004-05-31,,0.0,,,,,-0.210137,,-0.05808,-0.5333330000000001,,,,,,,0.04399600000000001,,,,-0.020821,,-0.16883099999999998,,
2004-06-30,,0.0,,,,,-0.069372,,-0.076579,-0.21904800000000002,,,,,,,0.09701499999999999,,,,0.055772,,-0.3125,,
2004-07-31,,0.0,,,,,-0.030749,,-0.0059240000000000004,-0.292683,,,,,,,-0.030011999999999997,,,,0.011123000000000001,,-0.081818,,
2004-08-31,,0.0,,,,,-0.035122,,0.097508,-0.396552,,,,,,,-0.055281000000000004,,,,0.028565999999999998,,0.163366,,
2004-09-30,,0.0,,,,,0.0692,,0.037512,-0.142857,,,,,,,0.021397,,,,-0.033664,,-0.10638299999999999,,
2004-10-31,,0.0,,,,,0.0026190000000000002,,0.19314900000000002,-0.3,,,,,,,0.08978199999999999,,,,0.00775,,0.0,,
2004-11-30,,0.0,,,,,-0.005243,,-0.042663,0.666667,,,,,,,-0.008239,,,,0.079179,,0.242857,,
2004-12-31,,0.0,,,,,-0.087349,,0.045397999999999994,0.42857100000000004,,,,,,,0.047073000000000004,,,,0.0139,,-0.195402,,
2005-01-31,,0.0,,,,,0.070132,,-0.023108,0.4,,,,,,,-0.041934,,,,-0.002748,,-0.028571,,
2005-02-28,,0.0,,,,,-0.034443,,0.061175,-0.571429,,,,,,,-0.044953,,,,-0.009465,,0.176471,,
2005-03-31,,0.0,,,,,-0.04008,,-0.078017,0.06666699999999999,,,,,,,0.017754000000000002,,,,-0.092619,,0.079167,,
2005-04-30,,0.0,,,,,-0.08141999999999999,,0.077115,0.0,,,,,,,0.026368999999999997,,,,0.058088,,-0.16988399999999998,,
2005-05-31,-0.24,0.0,,,,,0.09589,,0.287539,-0.1875,,,,,,,0.122134,,,,0.015731,,0.511628,,
2005-06-30,0.0,0.0,,,,,-0.0725,,0.020138,-0.076923,,,,,,,0.16379000000000002,,,,0.016321000000000002,,-0.261538,,
2005-07-31,-0.473684,,,,,,0.057950999999999996,,0.03624,-0.20833300000000002,,,,,,,0.035412,,,,-0.014979,,0.06666699999999999,,
2005-08-31,1.3,,,,,,-0.10703599999999999,,0.10435,-0.157895,,,,,,,-0.08593999999999999,,,,-0.0175,,-0.234375,,
2005-09-30,0.304348,0.0,,,,,-0.035817,,-0.10453099999999999,0.25,,,,,,,-0.021106,,,,-0.048438999999999996,,0.056122,,
2005-10-31,-0.36666699999999997,0.0,,,,,-0.006686,,0.207878,-0.4,,,,,,,0.08689999999999999,,,,-0.081284,,-0.17874400000000001,,
2005-11-30,-0.421053,,,,,,0.021053000000000002,,-0.023565999999999997,-0.4,,,,,,,-0.066727,,,,-0.016579999999999998,,-0.064706,,
2005-12-31,0.36363599999999996,,,,,,-0.050565,,-0.010239,-0.097222,,,,,,,-0.022543999999999998,,,,-0.304818,,-0.163522,,
2006-01-31,0.8666670000000001,0.0,,,,,0.081954,,-0.05665,0.23076899999999997,,,,,,,0.015486,0.0,,,0.10590999999999999,,0.195489,,
2006-02-28,0.0,0.0,,,,,0.044669,,0.070757,0.25,,,,,,,-0.028553000000000002,0.0,,,0.037741,,-0.17610099999999998,,
2006-03-31,-0.17857099999999998,,,,,,0.025287,,-0.031456,3.0,,,,,,,0.002004,0.0,,,0.116663,,0.083969,,
2006-04-30,0.0,,,,,,-0.017713,,0.002014,-0.125,,,,,,,0.038,0.0,,,-0.054557,,0.408451,,
2006-05-31,0.304348,0.0,,,,,-0.070183,,-0.00804,-0.102857,,,,,,,-0.06904300000000001,0.0,,,0.145143,,-0.235,,
2006-06-30,-0.5,0.0,,,,,0.069561,,0.017477,-0.585987,,,,,,,0.041394,0.0,,,0.020367000000000003,,-0.261438,,
2006-07-31,0.0,0.0,,,,,-0.027445,,-0.00946,-0.153846,,,,,,,-0.060285000000000005,0.0,,,-0.025663000000000002,,-0.30973500000000004,,
2006-08-31,0.0,0.0,,,,,0.008579999999999999,,-0.030661,0.36363599999999996,,,,,,,-0.11138500000000001,0.0,,,0.019783,,0.038462,,
2006-09-30,1.0,0.0,,,,,-0.029301,,-0.045891,-0.36666699999999997,,,,,,,-0.007933,0.0,,,-0.000895,,-0.197531,,
2006-10-31,0.0,0.0,,,,,0.10369999999999999,,0.07527199999999999,-0.052632000000000005,,,,,,,0.06957200000000001,0.0,,,0.041255,,-0.47692300000000004,,
2006-11-30,0.7333329999999999,,,,,,-0.06870599999999999,,0.243366,-0.222222,,,,,,,-0.048598,0.047618999999999995,,,-0.14968700000000001,,0.205882,,
2006-12-31,-0.326923,,,,,,0.016183,,0.00061,-0.714286,,,,,,,0.031041,0.0,,,0.007955,,-0.390244,,
2007-01-31,-0.142857,,,,,,-0.051522,,0.20069099999999998,0.3,,,,,,,-0.014863,0.0,,,0.030427,,0.88,,
2007-02-28,0.0,,,,,,0.056107,,-0.051091,-0.038462,,,,,,,-0.019341999999999998,0.0,,,0.073714,,-0.10638299999999999,,
2007-03-31,0.0,0.0,,,,,0.067231,,0.124086,-0.4,,,,,,,0.08954599999999999,0.0,,,-0.059278000000000004,,0.119048,,
2007-04-30,0.0,,,,,,-0.05022,,-0.030611000000000003,0.0,,,0.0,,,,-0.060825,0.029455,,,0.09115999999999999,,-0.319149,,
2007-05-31,0.0,,,,,,0.037296,,0.10683899999999999,0.0,,,0.0,,,,0.005012,-0.526316,,,0.025,,-0.0625,,
2007-06-30,0.0,0.0,,,,,0.017079,,0.163932,-0.333333,,,0.0,,,,-0.055236,-0.288889,,,-0.007522999999999999,,-0.033333,,
2007-07-31,-0.333333,,,,,,-0.08175,,0.129667,0.3,,,0.0,,,,-0.025985,-0.374998,,,0.015784,,-0.137931,,
2007-08-31,-0.25,,,,,,0.11272399999999999,,0.14907299999999998,,,,0.0,,,,0.052939,0.065773,,,-0.058080999999999994,,-0.32,,
2007-09-30,1.0,,,,,,0.08173899999999999,,-0.025829,-0.705882,,,0.0,,,,0.104909,-0.014286,,,-0.132432,,-0.117647,,
2007-10-31,-0.966667,,,,,,0.005024,,0.123832,-0.466667,,,-0.681866,,,,-0.022931,0.15942,,,-0.185535,,0.013333,,
2007-11-30,0.0,,,,,,-0.076336,,-0.125469,-0.25,,,0.0,,,,-0.020169000000000003,-0.72375,,,0.064844,,-0.22368400000000002,,
2007-12-31,,,,,,,0.0,,0.247701,0.16666699999999998,,,0.0,,,,0.087949,2.61991,,,0.13872400000000001,,-0.152542,,
2008-01-31,-0.34210500000000005,,,,,,0.029361,,-0.053563,-0.285714,,,0.0,,,,-0.24527000000000002,0.18875,,,-0.088816,,0.0,,
2008-02-29,0.4,,,,,,-0.051805000000000004,,-0.207944,-0.9640000000000001,,,0.0,,,,0.067001,-0.053628,,,0.078102,,-0.2,,
2008-03-31,0.0,,,,,,0.036274,,0.037365,-0.888889,,,0.0,,,,0.004272000000000001,1.055556,,,0.01026,,0.125,,
2008-04-30,0.0,,,,,,0.07325,,0.017378,-0.5,,,,,,,-0.01191,-0.189189,,,0.000684,,-0.27777799999999997,,
2008-05-31,0.0,,,,,,-0.035194,,0.34037300000000004,0.0,,,0.0,,,,0.005596,-0.803333,,,0.011739999999999999,,-0.384615,,
2008-06-30,-0.114286,,,,,,-0.113208,,-0.129518,,,,0.0,,,,-0.151541,0.101695,,,-0.010345,,-0.5,,
2008-07-31,0.0,,,,,,0.25082699999999997,,-0.032473,-0.955556,,,0.0,,,,-0.01665,-0.092308,,,-0.020423,,0.35,,
2008-08-31,0.0,,,,,,-0.010629999999999999,,0.003851,0.75,,,0.0,,,,0.346331,-0.084746,,,-0.022529,,-0.25925899999999996,,
2008-09-30,0.0,,,,,,-0.045663999999999996,,0.07810399999999999,0.42857100000000004,,,0.0,,,,0.064024,-0.222222,,,-0.026316000000000003,,-0.5,,
2008-10-31,0.0,,,,,,-0.030358,,-0.263091,-0.4,,,0.0,,,,-0.195559,-0.67619,,,-0.172656,,0.5,,
2008-11-30,0.0,,,,,,-0.014582999999999999,,0.252156,-0.9933329999999999,,,0.0,,,,0.0048980000000000004,0.32352899999999996,,,-0.219349,,-0.2,,
2008-12-31,0.0,,,,,,0.054545,,0.06611600000000001,-0.75,,,,,,,0.030128,0.16666699999999998,,,-0.00625,,-0.666667,,
2009-01-31,-0.632258,,,,,,-0.17903,,-0.01137,0.0,,,0.0,,,,-0.126022,-0.238095,,,0.147436,,0.0,,
2009-02-28,0.0,,,,,,-0.155697,,-0.023784999999999997,0.0,,,0.0,,,,0.060530999999999995,-0.125,,,0.055682,,0.0,,
2009-03-31,0.0,0.0,,,,,0.035486,,0.285141,0.0,,,0.0,,,,0.0032479999999999996,0.257143,,,-0.047046000000000004,,-0.125,,
2009-04-30,2.508772,,,,,,0.116011,,0.506458,0.0,,,0.0,,,,0.261795,0.272727,,,-0.003505,,0.0,,
2009-05-31,0.0,,,,,,0.12961999999999999,,0.151155,0.0,,,0.0,,,,-0.043621999999999994,1.008929,,,-0.07279200000000001,,0.0,,
2009-06-30,0.0,,,,,,0.025549,,0.06535300000000001,,,,0.0,,,,-0.034113000000000004,0.084444,,,-0.165354,,-0.2,,
2009-07-31,0.0,,,,,,-0.012456,,0.191475,3.0,,,0.0,,,,0.087698,0.27459,,,-0.012698000000000001,,-0.107143,,
2009-08-31,0.0,,,,,,-0.08140599999999999,,-0.145514,-0.125,,,-0.850746,,,,-0.040131,-0.13183299999999998,,,-0.032468,,0.0,,
2009-09-30,0.0,,,,,,0.002421,,0.226782,,,,0.0,,,,0.072976,0.092593,,,0.159322,,1.22,,
2009-10-31,0.0,,,,,,-0.081401,,-0.098727,-0.1375,,,0.0,,,,0.204392,-0.115254,,,-0.017699,,-0.81982,,
2009-11-30,0.0,,,,,,-0.077778,,-0.053644,0.043478,,,0.0,,,,-0.042352999999999995,0.12643700000000002,,,-0.051515000000000005,,0.0,,
2009-12-31,0.0,,,,,,0.13195600000000002,,0.293585,-0.388889,,,,,,,0.024263,0.037415,,,0.159744,,0.0,,
2010-01-31,0.0,,,,,,-0.122909,,0.041119,-0.522727,,,-0.186667,,,,-0.01949,0.124557,,,0.063889,,0.25,,
2010-02-28,0.0,,,,,,0.047702,,-0.00507,-0.357143,,,0.6393439999999999,,,,0.111927,-0.026211,,,0.005263,,0.04,,
2010-03-31,0.0,,,,,,0.040533,,0.14788500000000002,-0.577778,,,1.67,,,,0.09048400000000001,0.035928,,,0.058047,,-0.038462,,
2010-04-30,0.0,,,,,,0.004536,,-0.24889,-0.122807,,,-0.363371,,,,-0.0007570000000000001,-0.080925,,,0.0,,0.04,,
2010-05-31,0.0,,,,,,-0.065206,,-0.024876,-0.66,,,0.782563,,,,-0.019435,-0.018868,,,0.020253,,0.0,,
2010-06-30,0.0,,,,,,-0.13722099999999998,,0.08668100000000001,0.411765,,,-0.9009900000000001,,,,0.010811,-0.08974399999999999,,,-0.0425,,0.0,,
2010-07-31,0.0,,,,,,0.126243,,0.19805399999999998,-0.291667,,,0.7,,,,0.034632,0.0,,,0.060525999999999996,,1.307692,,
2010-08-31,,,,,,,-0.158175,,0.000974,1.235294,,,0.0,,,,-0.156288,-0.084507,,,-0.005,,0.0,,
2010-09-30,,,,,,,0.125968,,0.012004999999999998,-0.263158,,,0.0,,,,-0.001459,0.046154,,,-0.005063,,-0.466667,,
2010-10-31,,,,,,,0.032812,,0.057711,-0.25,,,0.0,,,,0.11744099999999999,0.125,,,-0.012821,,0.0,,
2010-11-30,,,,,,,0.061548,,0.123977,-0.142857,,,0.0,,,,-0.0031369999999999996,-0.11437900000000001,,,-0.005235999999999999,,0.0,,
2010-12-31,,,,,,,0.021814,,-0.113808,-0.388889,,,2.235294,,,,0.094676,-0.0369,,,-0.013263,,0.0,,
2011-01-31,,,,,,,-0.267978,,0.021911,0.727273,,,0.18181799999999998,,,,-0.085769,0.09961700000000001,,,0.00813,,0.0,,
2011-02-28,,,,,,,0.012336,,0.214413,-0.35789499999999996,,,0.4,,,,0.12054500000000001,-0.052265,,,-0.005376,,0.0,,
2011-03-31,,,,,,,-0.076923,,0.584355,-0.18032800000000002,,,0.714286,,,,0.124649,-0.066176,,,-0.080405,,2.4375,,
2011-04-30,,,,,,,-0.007426,,0.036372,-0.4,,,0.5,,,,-0.033479,-0.129921,,,-0.11676600000000001,,0.0,,
2011-05-31,,,,,,,-0.148795,,0.230137,,,,-0.175214,,,,0.09487999999999999,-0.144796,,,-0.016949000000000002,,0.0,,
2011-06-30,,,,,,,-0.009766,,0.08364699999999999,-0.237288,,,-0.404145,,,,0.133818,-0.185185,,,-0.030171999999999997,,0.0,,
2011-07-31,,,,,,,-0.22781099999999999,,0.164575,-0.16666699999999998,,,-0.45217399999999996,,,,0.012132,0.12987,,,-0.010909,,0.0,,
2011-08-31,,,,,,,-0.275862,,0.0076,-0.2,,,0.23015899999999997,,,,-0.0025679999999999995,0.114943,,,-0.19117599999999998,,-0.327273,,
2011-09-30,,,,,,,-0.028218999999999998,,-0.11266,-0.333333,,,-0.347097,,,,-0.044807,-0.159794,,,0.155682,,0.0,,
2011-10-31,,,,,,,0.061706000000000004,,-0.300409,0.0,,,-0.09090899999999999,,,,0.14521900000000001,-0.17177900000000002,,,0.149194,,0.0,,
2011-11-30,,,,,,,0.329915,,-0.193633,-0.25,,,-0.26087,,,,-0.08788399999999999,-0.051778000000000005,,,-0.157895,,0.0,,
2011-12-31,,,,,,,-0.017995,,-0.144574,0.0,,,-0.220588,,,,0.078458,0.249902,,,-0.036458,,-0.135135,,
2012-01-31,,,,,,,0.30628299999999997,,0.189298,0.8,,,-0.075472,,,,-0.030791,-0.09375,,,0.16888899999999998,,-0.03125,,
2012-02-29,,,,,,,0.109218,,0.218035,0.333333,,,0.179592,,,,0.059918,-0.0068969999999999995,,,0.034221,,0.0,,
2012-03-31,,,0.0,,,,-0.01626,,-0.279052,-0.16666699999999998,,,-0.13494799999999998,,,,0.144588,-0.090208,,,0.04136,,0.0,,
2012-04-30,,,0.0,,,,-0.16437100000000002,,0.040350000000000004,-0.333333,,,0.026000000000000002,,,,0.042334,0.022823000000000003,,,-0.00722,,0.0,,
2012-05-31,,,0.0,,,,-0.24835200000000002,,-0.515699,-0.475,,,-0.270955,,,,-0.224421,-0.08955199999999999,,,-0.04,,0.0,,
2012-06-30,,,0.0,,,,0.16374300000000003,,-0.077119,-0.047618999999999995,,,-0.07754,,,,0.007721,-0.098361,,,-0.074811,,0.096774,,
2012-07-31,,,0.0,,,,-0.020101,,-0.161616,-0.3,,,-0.043478,,,,0.255829,-0.009091,,,0.029411999999999997,0.03576,0.0,,
2012-08-31,,,0.0,,,,0.20897400000000002,,0.331325,0.0,,,-0.030303,,,,-0.025199,0.174312,,,0.061224,0.079326,0.0,,
2012-09-30,,,0.0,,,,0.008484,,-0.023439,0.0,,,-0.0125,,,,-0.002177,-0.024062,,,0.081731,0.08317999999999999,0.0,,
2012-10-31,,,0.0,,,,0.023134000000000002,,0.018526,0.2,,,-0.050633,,,,0.002182,0.120717,,,0.018182,-0.012046,0.0,,
2012-11-30,,,0.1,,,,0.141829,,0.516543,-0.42857100000000004,,,-0.06666699999999999,,,,,-0.071429,,,0.014286,0.032938999999999996,0.0,,
2012-12-31,,,0.0,,,,0.29883,,0.12735200000000002,-0.125,,,-0.4,,,,,-0.015307999999999999,,,-0.020246,-0.065953,0.0,,
2013-01-31,,,0.0,,,,-0.068607,,0.101355,0.547619,,,2.095238,,,,,0.070229,,,0.044118000000000004,0.054869,0.911765,,
2013-02-28,,,-0.18181799999999998,,,,-0.055804,,0.048759,-0.153846,,,0.076923,,,,,0.007299,,,-0.03169,-0.021978,0.0,,
2013-03-31,,,0.0,,,,0.158392,,0.188691,0.595455,,,0.33928600000000003,,,,,-0.086957,,,0.062727,0.072851,-0.5923080000000001,,
2013-04-30,,,0.0,,,,0.030612,,0.011276,-0.943704,,,-0.246667,,,,,-0.09523799999999999,,,0.003497,-0.007135,-0.18867899999999999,,
2013-05-31,,,0.0,,,,-0.072607,,0.274042,-0.230263,,,0.097345,,,,,0.008772,,,-0.017422,0.022098,-0.069767,,
2013-06-30,,,0.0,,,,0.000712,,0.028552,-0.136752,,,0.419355,,,,,-0.104348,,,-0.031027999999999997,-0.08588900000000001,0.0,,
2013-07-31,,,-0.296296,,,,0.133001,,0.02635,0.0,,,0.102273,,,,,-0.106796,,,0.048689,0.11127700000000001,0.0,,
2013-08-31,,,0.631579,,,,-0.138732,,0.118005,0.0,,,-0.17938099999999998,,,,,-0.130435,,,-0.010714,-0.052634999999999994,0.0,,
2013-09-30,,,-0.40322600000000003,,,,0.097668,,-0.127216,-0.9405939999999999,,,0.005024999999999999,,,,,-0.02625,,,0.015343,0.069027,0.0,,
2013-10-31,,,0.21621600000000002,,,,0.19920300000000002,,-0.16620200000000002,0.0,,,0.125,,,,,0.103851,,,0.072727,-0.02344,0.0,,
2013-11-30,,,0.297778,,,,0.129568,,0.072759,0.016667,,,-0.1,,,,,-0.127806,,,0.169492,0.079619,0.0,,
2013-12-31,,,0.19863,,,,0.14019600000000002,,0.121104,,,,-0.111111,,,,,0.053333000000000005,,,-0.007971,0.045810000000000003,-0.4,,
2014-01-31,,,-0.08571400000000001,,,,-0.070077,,0.075589,-0.2,,,-0.125,,,,,0.35442999999999997,,,0.059524,0.063759,0.0,,
2014-02-28,,,-0.15625,,,,-0.025428000000000003,,0.35530900000000004,1.5625,,,0.10476200000000001,,,,,0.08411199999999999,,,0.255618,0.142857,0.0,,
2014-03-31,,,-0.314815,,,,-0.065465,,-0.038167,0.024390000000000002,,,-0.034195,,,,,0.025862,,,-0.037472,0.01512,0.0,,
2014-04-30,,,-0.135135,,,,0.000508,,-0.110427,-0.52381,,,0.083011,,,,,-0.092437,,,-0.08018900000000001,-0.057869000000000004,0.0,,
2014-05-31,,,0.34375,,,,0.005581,,0.203886,-0.45,,,-0.13461499999999998,,,0.0,,0.111111,,,0.038462,0.070194,0.0,,
2014-06-30,,,-0.069767,,,,0.090313,,0.104894,0.0,,,-0.047618999999999995,,,0.0,,-0.041666999999999996,,,0.07716,0.088277,0.0,,
2014-07-31,,,-0.2,,,,-0.052752999999999994,,-0.040767,1.727273,0.36363599999999996,,-0.18,,,0.0,,0.078261,,,-0.030233,-0.025689000000000003,0.08333299999999999,,
2014-08-31,,,1.25,,,,0.141671,,0.117706,-0.264067,0.0,,0.06748,,,0.0,,0.0,,,0.15107900000000002,0.045044,0.769231,,
2014-09-30,,,0.25,,,,0.23876799999999998,,-0.023927,0.0,0.0,,-0.111196,,,-0.5,,-0.024194,,,-0.024479,0.124231,1.173913,,
2014-10-31,,,-0.111111,,,,0.007254,,0.168063,-0.09412100000000001,0.0,,-0.102399,,,0.0,,-0.09917400000000001,,,-0.058442,-0.13924,-0.63,,
2014-11-30,,,-0.3625,,,,-0.021948,,-0.063328,0.0,0.0,,-0.1642,,,0.6,,-0.10091699999999999,,,0.147126,0.120877,0.0,,
2014-12-31,,,-0.27451000000000003,,,,0.032609,,-0.068559,-0.2,0.0,,-0.142776,,,-0.9875,,-0.030612,,,-0.105711,-0.116601,-0.567568,,
2015-01-31,,,-0.28918900000000003,,,,0.01562,,-0.072114,0.0,0.0,,0.132578,,,,,0.10526300000000001,,,0.045454999999999995,-0.044444,0.0,,
2015-02-28,,,0.520913,,,,-0.18990300000000002,,0.04096,0.0,0.0,,-0.08529400000000001,,,-0.15,,0.257143,,,0.076087,0.08527100000000001,0.0,,
2015-03-31,,,-0.5,,,,0.021461,,-0.121982,-0.75625,0.0,,0.12508,,,0.176471,,-0.015152,,,0.234848,0.23508700000000002,0.0,,
2015-04-30,,,-0.002,,,,0.007272999999999999,,0.041528999999999996,-0.9912820000000001,,,0.657616,,,-0.333333,,0.0,,,0.07438,0.105488,0.0,,
2015-05-31,,,0.201403,,,,-0.015243,,-0.258916,-0.294118,-0.5,,-0.19862100000000002,,,0.625,,0.153846,,,0.053846,0.049967,0.0,,
2015-06-30,,,-0.249374,,,,-0.04277,,-0.108099,-0.833333,0.0,0.3,-0.11789999999999999,,,-0.076923,,0.24,,,0.423723,0.395264,0.0,,
2015-07-31,,,-0.055556,,,,0.006808999999999999,,-0.020749,0.0,-0.3,0.06,0.121951,,,0.0,,-0.064516,,,-0.090815,-0.13035,0.0,,
2015-08-31,,,-0.058823999999999994,,,,-0.033812,,-0.24573599999999998,1.0,0.0,0.103048,-0.09086999999999999,,,0.0,,-0.057470999999999994,,,-0.035186999999999996,-0.026547,0.0,,
2015-09-30,,,0.625,,,,0.19203800000000001,,-0.073719,-0.5,-0.42857100000000004,0.046053,-0.134385,,,0.0,,-0.414634,,,0.042647000000000004,0.016251,0.0,,
2015-10-31,,,-0.615385,,,,0.041468,,-0.026659000000000002,-0.5,0.0,-0.075472,-0.030387,,,-0.666667,,0.20833300000000002,,,0.0,0.014301999999999999,0.0,,
2015-11-30,,,-0.2,,,,0.029951,,0.032512,-0.72,0.0,0.027211,-0.17378900000000003,,,2.0,,-0.043102999999999995,,,0.325,0.316798,0.0,,
2015-12-31,,,0.75,,,,0.104003,,0.717176,0.255714,-0.29600000000000004,0.192053,-0.255172,,,-0.666667,,0.099099,,,0.025943,-0.022421000000000003,0.0,,
2016-01-31,,,0.142857,,,,-0.13635,,-0.004501,-0.772469,-0.005682,-0.111111,-0.074074,,,2.0,,-0.079016,,,0.007562999999999999,-0.053515,0.0,,
2016-02-29,,,0.5,,,,-0.05418,,0.030139999999999997,-0.9470000000000001,0.0,0.0,0.45,,,-0.666667,,0.023407,,,-0.165972,-0.067768,0.0,,
2016-03-31,,,0.2,,,,0.057283999999999995,,0.0006529999999999999,1.283019,0.0,0.125,-0.20758600000000002,,,1.0,,0.026175999999999998,,,-0.11875,-0.10136200000000001,0.20125,,
2016-04-30,,,-0.68125,,,,0.08396100000000001,,,-0.46281,1.142857,-0.022222,-0.051349,,,0.0,,0.0,,,-0.08457100000000001,-0.041157000000000006,0.0,,
2016-05-31,,,-0.239651,,,,-0.06487899999999999,,,-0.846154,0.0,0.0,-0.165138,,,-0.625,,-0.025424000000000002,,,0.023719999999999998,-0.01629,0.0,,
2016-06-30,,,-0.21489999999999998,,,,0.13486700000000001,,,0.0,0.0,-0.079545,-0.010989,,,0.0,,-0.017391,,,-0.027744,-0.046127,0.0,,
2016-07-31,,,-0.306569,,,,-0.043356000000000006,,,-0.5,0.0,0.012346,-0.217778,,,0.0,,-0.221239,,,0.0,0.037676,0.39334,,
2016-08-31,,,-0.21052600000000002,,,,0.044017,,,2.0,0.0,1.439024,-0.90767,,,0.0,,-0.227273,,,-0.109987,-0.132777,0.0,,
2016-09-30,,,0.7333329999999999,,,,0.110244,,,-0.033333,0.0,-0.35,-0.707692,,,0.0,,-0.073676,,,0.09836600000000001,0.049345,-0.40253900000000004,,
2016-10-31,,,-0.596154,,,,-0.08016899999999999,,,0.034483,0.0,0.0,,,,1.666667,,0.03191,,,-0.076923,-0.06985000000000001,0.0,,
2016-11-30,,,-0.047618999999999995,,,,0.065749,,,-0.256667,0.0,0.0,-0.37241399999999997,,,-0.1,,0.046154,,,-0.23163799999999998,-0.213732,0.775,,
2016-12-31,,,1.0,,,,0.05308500000000001,,,0.345291,0.0,0.0,-0.098901,,,1.1666670000000001,,-0.205882,,,0.353401,0.33354999999999996,-0.507042,,
2017-01-31,,,-0.04,,,,-0.051771000000000005,,,-0.333333,0.0,0.0,-0.243902,,,-0.346154,,0.074074,,,-0.147945,-0.10856,0.0,,
2017-02-28,,,-0.21875,,,,-0.061063,,,1.0,0.0,-0.307692,-0.096774,,,0.0,,0.017241,,,-0.038585,-0.068617,0.0,,
2017-03-31,,,-0.06666699999999999,,,,0.081867,,,0.25,0.0,-0.444444,-0.08928599999999999,,,0.0,,-0.050846999999999996,,,0.094064,0.094888,0.0,,
2017-04-30,,,-0.357143,,,,0.004243,,,0.0,0.0,0.0,-0.901961,,,0.0,,-0.017857,,,-0.0046300000000000004,-0.055896,0.0,,
2017-05-31,,,0.333333,,,,-0.15493,,,-0.4,0.0,0.0,-0.4,,,0.0,,-0.18181799999999998,,,-0.071318,0.0,0.0,,
2017-06-30,,,0.583333,,,,0.008333,,,0.0,0.0,0.0,1.0,,,0.0,,0.111111,,,0.070534,-0.008440999999999999,0.0,,
2017-07-31,,,-0.036947,,,,0.029752,,,0.333333,0.0,0.0,-0.5,,,0.0,,-0.14400000000000002,,,-0.069291,0.065404,0.0,,
2017-08-31,,,0.093016,,,,0.044944,,,-0.25,0.0,0.0,0.0,,,0.0,,-0.06542099999999999,,,0.006768,-0.036792,0.0,,
2017-09-30,,,-0.25,,,,0.009217,,,1.333333,0.0,0.0,-0.333333,,,0.0,,-0.05,,,0.094538,0.079462,0.0,,
2017-10-31,,,-0.133333,,,,0.033485999999999995,,,0.0,0.0,0.0,0.5,,,-0.470588,,-0.131579,,,-0.04186,-0.036145000000000004,0.0,,
2017-11-30,,,-0.038462,,,,0.007364000000000001,,,0.0,0.0,0.0,-0.5,,,0.111111,,-0.272727,,,0.027507999999999998,0.052083000000000004,0.0,,
2017-12-31,,,0.36,,,,-0.059942,,,-0.142857,0.0,0.0,-0.333333,,,1.999667,,-0.266667,,,0.064961,0.06271600000000001,0.0,,
2018-01-31,,,-0.558824,,,,-0.017107,,,1.833333,0.0,,0.0,,,-0.277698,,0.278409,,,0.026865999999999998,0.016889,0.0,,
2018-02-28,,,-0.333333,,,,-0.012658,,,0.058823999999999994,-0.932667,,2.0,,,0.369077,,-0.045333,,,0.017442,0.020567000000000002,0.571429,,
2018-03-31,,,0.76,,,,-0.032050999999999996,,,-0.222222,0.0,,-0.333333,,,0.337229,,-0.082868,,,-0.048214,-0.048322000000000004,2.018182,,
2018-04-30,,,0.011364,,,,-0.061258,,,-0.285714,0.0,,0.0,,,0.0,,-0.162437,,,-0.030303,-0.062272,0.0,,
2018-05-31,,,0.348315,,,,0.029982,,,0.4,0.0,,-0.5,,,0.008403,,0.030303,,,-0.05,-0.036688,0.0,,
2018-06-30,,,-0.483333,,,,0.046233,,,-0.285714,0.0,,1.0,,,-0.458333,,0.235294,,,0.015214,0.0038640000000000002,0.506024,,
2018-07-31,,,0.935484,,,,-0.055646,,,-0.4,0.0,,-0.5,,,0.846154,,-0.118048,,,0.00491,0.0012850000000000001,0.0,,
2018-08-31,,,-0.16666699999999998,,,,0.0051990000000000005,,,-0.16666699999999998,0.0,,0.0,-0.050396,,0.0,,-0.028130000000000002,,,0.017915,0.0013039999999999998,-0.8,,
2018-09-30,,,0.89,,,,-0.089655,,,0.0,0.0,,1.0,0.016228,,0.583333,,-0.224444,,,-0.0252,0.00017600000000000002,,,
2018-10-31,,,-0.021164000000000002,,,,-0.08674200000000001,,,0.6,0.0,,-0.5,0.128615,,2.6842110000000003,,0.280802,,,-0.215589,-0.209232,-0.12,,
2018-11-30,,,-0.648649,,,,0.009954,,,0.375,0.0,,0.0,0.038462,,0.078571,,-0.049239,,,0.073996,0.060829,-0.204545,,
2018-12-31,,,-0.261538,,,,-0.041889,,,-0.09090899999999999,0.0,,0.0,-0.05037,,0.0,,-0.423516,,,-0.00935,-0.044528,-0.571429,,
2019-01-31,,,0.020833,,,,0.054436,,,0.0,0.0,,0.0,0.067473,,-0.139073,,0.146939,,,0.016097,0.023161,0.0,,
2019-02-28,,,-0.469388,,,,-0.030488,,,-0.4,0.0,,0.0,-0.076047,,0.0,,0.163701,,,0.033663,0.035925,0.0,,
2019-03-31,,,-0.19230799999999998,,,,-0.161006,,,-0.16666699999999998,0.0,,0.0,0.112127,,0.0,,0.33027500000000004,,,0.193966,0.22689800000000002,-0.2,,
2019-04-30,,,0.0,,,,0.007496,,,0.4,0.0,,1.0,0.044691,,0.261538,,-0.073563,,,-0.069692,-0.090986,2.4575,,
2019-05-31,,,0.9047620000000001,,,,-0.09127,,,-0.142857,0.0,,-0.5,-0.030272,,0.829268,,0.019851,,,-0.0069689999999999995,-0.01425,-0.22873000000000002,,
2019-06-30,,,-0.25,,,,-0.106441,,,-0.16666699999999998,0.0,,0.0,0.025186,,0.333333,,0.138686,,,0.088158,0.123485,0.0,,
2019-07-31,,,0.16666699999999998,,,,-0.007941,,,-0.2,0.0,,1.0,-0.021107,,-0.4,,-0.106838,,,0.009772,-0.009342,-0.5375,,
2019-08-31,,,,,,,-0.252463,,,0.0,0.0,,-0.5,-0.030560999999999998,,-0.16666699999999998,,-0.196172,,,-0.003226,-0.001929,0.148649,,
2019-09-30,,,,,,,0.066722,,,0.5,0.0,,0.0,0.001466,,-0.15,,0.008929,,,0.063511,0.06424400000000001,-0.411765,,
2019-10-31,,,,,,,-0.009266,,,-0.16666699999999998,0.0,,0.0,0.036237,,0.294118,,0.415929,,,0.02765,0.018536999999999998,1.775,,
2019-11-30,,,,,,,0.182385,,,-0.2,0.0,,0.0,0.09872199999999999,,-0.0,,-0.38333300000000003,,,-0.005979,0.0452,-0.459459,,
2019-12-31,,,,,,,-0.007251,,,0.75,0.0,,-0.99,-0.064318,,0.0,,-0.074324,,,0.05,0.019483999999999998,0.666667,,
2020-01-31,,,,,,,-0.204515,,,-0.571429,0.0,,,-0.009326,,0.0,,-0.160547,,,-0.041908,-0.045644,-0.4,,
2020-02-29,,,,,,,0.030885,,,0.0,0.0,,-0.5,-0.022783,,0.0,,-0.281118,,,-0.13273,-0.060494000000000006,0.0,,
2020-03-31,,,,,,,-0.436437,,,0.0,0.0,,-0.3,-0.129484,,-0.727273,,0.790142,,,-0.526957,-0.588101,-0.333333,,
2020-04-30,,,0.0,,,,0.327586,,,0.0,0.0,,-0.971429,0.096415,,0.0,,0.111486,,,0.305147,0.382205,0.5,,
2020-05-31,,,1.0,,,,-0.16558399999999998,,,0.5,0.0,,,0.055178000000000005,,0.5,,-0.284195,,,-0.174648,-0.20166399999999998,0.333333,,
2020-06-30,,,0.0,,,,-0.047990000000000005,,,-0.111111,,,0.0,0.017192,,-0.267059,,0.129512,,,0.027304,0.031715,0.5,,
2020-07-31,,,,,,,-0.321526,,,0.5,-0.209354,,0.0,0.082394,,1.020273,,-0.142895,,,-0.122924,-0.10937799999999999,0.966667,,
2020-08-31,,,,,,,0.263052,,,0.16666699999999998,0.267606,,0.5,-0.024845000000000002,,-0.022011,,-0.256546,,,0.162879,0.16863399999999998,-0.050846999999999996,,
2020-09-30,,,,,,,-0.29729700000000003,,,-0.15,-0.74,,0.0,-0.074757,,-0.130946,,0.156342,,,-0.078176,-0.069506,0.0,,
2020-10-31,,,,,,,-0.214932,,,-0.327731,-0.64359,,-0.333333,-0.019927999999999998,,-0.190736,,-0.071429,,,-0.031802000000000004,-0.037209,0.0,,
2020-11-30,,,,,,,0.28242100000000003,,,0.25,0.103118,,2.0,0.13197,,-0.003135,,0.153846,,,0.127737,0.144928,-0.28214300000000003,,
2020-12-31,,,,,,,0.049438,,,0.0,-0.456522,,0.666667,0.050903000000000004,,-0.226633,,0.061905,,,-0.009709,-0.054852,0.368159,,
2021-01-31,,,,,,,0.122056,,,0.2,2.92,,0.2,-0.001563,,-0.15,,0.139013,,,0.022875999999999997,0.088839,0.051818,,
2021-02-28,,,,,,,0.490458,,,0.666667,-0.030612,,0.833333,-0.040251999999999996,,-0.316315,,0.070866,,,0.08306699999999999,0.12882300000000002,-0.049264999999999996,,
2021-03-31,,,,,,,0.336748,0.0,,0.1,-0.715789,,0.09090899999999999,0.13106199999999998,,-0.433442,,-0.194853,,-0.015889,-0.082596,-0.058949999999999995,0.636364,,
2021-04-30,,,,,,,-0.022989000000000002,-0.43,,-0.09090899999999999,0.041111,,-0.08333299999999999,0.043060999999999995,,-0.094556,,-0.11415499999999999,,0.010091000000000001,-0.016076999999999998,-0.045351,-0.388889,,
2021-05-31,,,,-0.0050609999999999995,,,0.180392,-0.035088,,-0.3,0.067236,,0.0,0.030962,,-0.041139,,-0.139175,,-0.000999,-0.009804,0.010754,0.636182,,
2021-06-30,,,,-0.015218,,,0.053987,-0.39393900000000004,,-0.857143,-0.5996670000000001,,-0.18181799999999998,-0.041464,,0.039604,,0.011976,,0.0,0.033003,0.10619999999999999,-0.516057,,
2021-07-31,,,,0.002062,,,-0.23640699999999998,0.25,,0.0,0.174022,,-0.222222,-0.000851,,-0.031745999999999996,,-0.201183,,-0.008,0.047923,-0.035545,-0.381171,,
2021-08-31,,,,-0.006173,,,-0.236326,-0.304008,,0.0,0.340426,,-0.42857100000000004,0.013064,,-0.13118,,-0.07037,,-0.004214,-0.045732,-0.06283699999999999,-0.39703200000000005,,
2021-09-30,,,,0.012421999999999999,,,0.136486,-0.609191,,0.0,-0.46984099999999995,,1.25,-0.037076,,-0.16978000000000001,,0.075697,,0.0052439999999999995,-0.035144,-0.052127999999999994,0.553846,,
2021-10-31,,,,0.002045,,,-0.10225899999999999,0.0,,0.0,0.0,,-0.222222,0.056498999999999994,,-0.059091,,0.133333,,0.01712,-0.046357999999999996,-0.031562,0.0,-0.010188,
2021-11-30,,,,0.032653,,,-0.166887,0.0,,0.0,-0.999002,,-0.571429,-0.058188000000000004,,1.2463769999999998,,-0.24183,0.005024999999999999,0.055317,0.128472,0.098269,0.0,0.0025729999999999998,
2021-12-31,,,,0.002964,,,0.18442,3.441176,,-0.99,,,0.666667,0.084437,,-0.10967700000000001,,-0.12069,0.004,-0.008322000000000001,-0.043077,-0.045913,-0.019802,0.0,0.0
2022-01-31,,,,-0.02069,,,-0.142282,0.059603,,0.0,0.0,,-0.6,0.034658,,-0.384058,,-0.18627500000000002,-0.003984,-0.040681,-0.003215,-0.0017879999999999999,-0.09090899999999999,-0.004107,0.0
2022-02-28,,,,0.806841,,,-0.04225399999999999,0.3,,,,,0.0,0.018972,,-0.121569,,0.083012,-0.002,0.232742,-0.006452,0.0,0.0,0.0030930000000000003,0.0
2022-03-31,,,,0.162027,,,0.163399,0.394231,,0.0,0.110169,,0.0,-0.015063,,-0.022321,,-0.00178,0.002004,,0.00974,0.135667,0.0,0.005139,0.0
2022-04-30,,,,-0.286057,,,-0.117978,0.137931,,,0.10686999999999999,,-0.5,-0.013193,,-0.273973,,-0.130726,0.045,,-0.10610900000000001,-0.08277100000000001,0.16666699999999998,0.014366,
2022-05-31,,,,-0.334228,,,-0.203822,-0.075758,,-0.99,-0.165517,,0.0,-0.071123,,-0.132075,,0.203333,-0.0038469999999999997,,-0.032374,-0.129744,-0.028571,-0.002066,-0.995838
2022-06-30,,,,-0.17741900000000002,,,-0.062,0.0,,,,,0.0,0.024108,,-0.26811599999999997,,-0.158214,0.008665,,-0.081784,-0.010728,-0.019608,0.002525,0.0
2022-07-31,,,,0.15073499999999998,,,0.083156,-0.016393,,,,,0.5,0.09466,,0.20792100000000002,,0.22744,0.033333,,0.020243,-0.08470000000000001,0.1,0.004534,0.0
2022-08-31,,,,0.038339,,,0.104331,-0.633333,,,,,-0.333333,-0.016004,,-0.399344,,-0.134048,0.082949,,0.13888899999999998,0.11675100000000001,0.045454999999999995,0.10230700000000001,
