,Portfolio_Returns,ExRm,SMB,HML,rf,MOM,Sin_Portfolio_Excess_Returns,USREC
1962-02-28,0.01644390000000001,0.0181,-0.0115,0.0082,0.002,-0.0101,0.014443900000000011,0
1962-03-31,-0.01194453846153847,-0.0068,0.0052,-0.0138,0.002,0.0184,-0.01394453846153847,0
1962-04-30,-0.07359407692307691,-0.0659,-0.007,0.0003,0.0022,0.0291,-0.07579407692307691,0
1962-05-31,-0.13806607692307693,-0.0865,-0.0334,0.0277,0.0024,0.0041,-0.14046607692307694,0
1962-06-30,-0.052827076923076914,-0.0847,-0.0059,0.0255,0.002,0.0646,-0.054827076923076916,0
1962-07-31,0.04469700000000001,0.0628,0.0152,-0.0341,0.0027,0.0052,0.04199700000000001,0
1962-08-31,0.02940453846153846,0.0213,0.0122,-0.012,0.0023,-0.006,0.02710453846153846,0
1962-09-30,-0.0694572857142857,-0.0522,-0.0242,0.0128,0.0021,0.0395,-0.0715572857142857,0
1962-10-31,-0.04927214285714285,-0.0005,-0.0397,0.013,0.0025,0.0076,-0.05177214285714285,0
1962-11-30,0.12626371428571426,0.1087,0.0261,0.0095,0.002,-0.0716,0.12426371428571426,0
1962-12-31,0.0065133571428571575,0.0101,-0.038,0.0036,0.0023,0.0589,0.004213357142857158,0
1963-01-31,0.08801849999999997,0.0493,0.0308,0.0221,0.0025,-0.0211,0.08551849999999997,0
1963-02-28,-0.017918357142857142,-0.0238,0.0048,0.0218,0.0023,0.0253,-0.020218357142857142,0
1963-03-31,0.026505357142857143,0.0308,-0.0259,0.0206,0.0023,0.0162,0.024205357142857143,0
1963-04-30,0.06542914285714285,0.0451,-0.0134,0.01,0.0025,-0.0009,0.06292914285714285,0
1963-05-31,0.007445214285714277,0.0176,0.0113,0.0254,0.0024,0.0033,0.005045214285714278,0
1963-06-30,-0.026622499999999986,-0.02,-0.0027,0.0075,0.0023,0.0121,-0.028922499999999986,0
1963-07-31,-0.009421714285714276,-0.0039,-0.0045,-0.0097,0.0027,0.009,-0.012121714285714277,0
1963-08-31,0.04299207142857141,0.0507,-0.0098,0.018,0.0025,0.0101,0.040492071428571405,0
1963-09-30,-0.008090142857142857,-0.0157,-0.0033,0.0013,0.0027,0.0019,-0.010790142857142856,0
1963-10-31,0.01666457142857142,0.0253,-0.0058,-0.001,0.0029,0.0312,0.013764571428571421,0
1963-11-30,-0.03559799999999996,-0.0085,-0.0117,0.0175,0.0027,-0.0074,-0.038297999999999964,0
1963-12-31,0.03829028571428571,0.0183,-0.0216,-0.0002,0.0029,0.0175,0.03539028571428571,0
1964-01-31,0.015995571428571435,0.0224,-0.0011,0.0148,0.003,0.0086,0.012995571428571436,0
1964-02-29,0.042859571428571414,0.0154,0.0011,0.0281,0.0026,0.0026,0.040259571428571415,0
1964-03-31,0.03846542857142854,0.0141,0.0087,0.034,0.0031,0.0075,0.03536542857142854,0
1964-04-30,0.02206955555555557,0.001,-0.0135,-0.0067,0.0029,-0.0058,0.01916955555555557,0
1964-05-31,0.013699944444444456,0.0142,-0.0086,0.0186,0.0026,0.0257,0.011099944444444456,0
1964-06-30,0.03055827777777777,0.0127,-0.0012,0.0062,0.003,0.0046,0.027558277777777772,0
1964-07-31,0.02119588888888888,0.0174,0.0024,0.0075,0.003,-0.0035,0.01819588888888888,0
1964-08-31,0.004784666666666668,-0.0144,0.0016,0.0008,0.0028,-0.0022,0.001984666666666668,0
1964-09-30,0.02713699999999999,0.0269,-0.0054,0.017,0.0028,-0.0041,0.02433699999999999,0
1964-10-31,0.009650111111111113,0.0059,0.0042,0.0117,0.0029,0.0008,0.006750111111111113,0
1964-11-30,-0.025862444444444434,0.0,0.0069,-0.0196,0.0029,0.0103,-0.028762444444444434,0
1964-12-31,-0.0009570555555555363,0.0003,-0.0035,-0.0248,0.0031,-0.0074,-0.004057055555555536,0
1965-01-31,0.08891494444444442,0.0354,0.027,0.0012,0.0028,-0.0144,0.08611494444444442,0
1965-02-28,0.01040671428571428,0.0044,0.0355,0.0011,0.003,0.0032,0.0074067142857142795,0
1965-03-31,0.020131904761904764,-0.0134,0.0189,0.0103,0.0036,0.0015,0.016531904761904765,0
1965-04-30,0.015697952380952375,0.0311,0.011,0.0066,0.0031,0.0263,0.012597952380952375,0
1965-05-31,0.01772442857142857,-0.0077,0.0011,-0.0161,0.0031,0.006,0.014624428571428571,0
1965-06-30,-0.06296390476190473,-0.0551,-0.0434,0.0059,0.0035,-0.0313,-0.06646390476190474,0
1965-07-31,0.01685414285714286,0.0143,0.0089,0.022,0.0031,0.041,0.013754142857142859,0
1965-08-31,0.03126704761904762,0.0273,0.0284,-0.01,0.0033,0.0258,0.027967047619047617,0
1965-09-30,0.004570857142857148,0.0286,0.0064,-0.0013,0.0031,0.033,0.0014708571428571483,0
1965-10-31,0.017482190476190478,0.026,0.0252,0.0156,0.0031,0.0346,0.014382190476190477,0
1965-11-30,-0.01560190476190476,-0.0003,0.0468,0.0015,0.0035,0.0445,-0.01910190476190476,0
1965-12-31,0.02233814285714285,0.0101,0.0206,0.0203,0.0033,0.0012,0.01903814285714285,0
1966-01-31,0.04172781818181817,0.0072,0.0384,0.0356,0.0038,0.0539,0.037927818181818174,0
1966-02-28,-0.014455730769230764,-0.0121,0.044,0.0033,0.0035,0.0457,-0.017955730769230765,0
1966-03-31,-0.02163807692307692,-0.0251,0.0099,-0.0198,0.0038,0.0142,-0.02543807692307692,0
1966-04-30,0.0045958888888888855,0.0214,0.0343,-0.0046,0.0034,0.0628,0.0011958888888888857,0
1966-05-31,-0.060530033333333316,-0.0566,-0.046,-0.0163,0.0041,-0.047,-0.06463003333333332,0
1966-06-30,-0.016308666666666666,-0.0144,0.0103,0.005,0.0038,0.0325,-0.020108666666666667,0
1966-07-31,-0.02176363333333333,-0.0163,-0.0036,0.0095,0.0035,-0.0134,-0.02526363333333333,0
1966-08-31,-0.08224473333333332,-0.0791,-0.0327,0.0043,0.0041,-0.0214,-0.08634473333333333,0
1966-09-30,-0.007380766666666658,-0.0106,-0.0104,0.0056,0.004,-0.0184,-0.011380766666666658,0
1966-10-31,0.01257726666666666,0.0386,-0.0652,0.0269,0.0045,-0.0526,0.008077266666666659,0
1966-11-30,0.005348400000000007,0.014,0.0424,-0.0469,0.004,0.0572,0.0013484000000000065,0
1966-12-31,0.010032233333333345,0.0013,0.0197,-0.0119,0.004,0.0106,0.006032233333333345,0
1967-01-31,0.13892949999999998,0.0815,0.0832,0.0227,0.0043,-0.0693,0.13462949999999999,0
1967-02-28,0.021201580645161294,0.0078,0.0335,-0.0222,0.0036,0.0352,0.017601580645161295,0
1967-03-31,0.08737190322580643,0.0399,0.0155,0.0037,0.0039,0.0153,0.08347190322580643,0
1967-04-30,0.03634612500000001,0.0389,0.0063,-0.0248,0.0032,0.0059,0.033146125000000005,0
1967-05-31,0.009867124999999996,-0.0433,0.019,0.0109,0.0033,0.0072,0.006567124999999996,0
1967-06-30,0.05138456249999999,0.0241,0.0593,0.0085,0.0027,0.06,0.048684562499999987,0
1967-07-31,0.08438421874999999,0.0458,0.0312,0.0273,0.0031,-0.0107,0.08128421874999998,0
1967-08-31,0.019080343749999992,-0.0089,0.0042,0.0144,0.0031,-0.0138,0.015980343749999994,0
1967-09-30,0.011659625000000002,0.0311,0.0306,-0.025,0.0032,0.0252,0.008459625000000002,0
1967-10-31,0.0009563124999999997,-0.0309,0.0146,-0.033,0.0039,0.0367,-0.0029436875,0
1967-11-30,-0.014478906250000008,0.0037,0.0021,-0.017,0.0036,0.0126,-0.01807890625000001,0
1967-12-31,0.03590409375,0.0305,0.0573,-0.0053,0.0033,0.0325,0.03260409375,0
1968-01-31,0.037555125,-0.0406,0.0392,0.048,0.004,-0.047,0.033555125000000005,0
1968-02-29,-0.026557124999999997,-0.0375,-0.0294,0.0128,0.0039,-0.0343,-0.030457124999999998,0
1968-03-31,0.021783875,0.002,-0.0134,-0.0059,0.0038,0.0323,0.017983875,0
1968-04-30,0.09029584375,0.0905,0.0568,-0.0113,0.0043,0.0509,0.08599584375,0
1968-05-31,0.07476565624999998,0.0228,0.064,0.0085,0.0045,0.038,0.07026565624999997,0
1968-06-30,0.015842093750000005,0.0069,-0.0019,0.0073,0.0043,-0.019,0.011542093750000005,0
1968-07-31,-0.03282287499999999,-0.0272,-0.0136,0.0539,0.0048,-0.0088,-0.037622874999999986,0
1968-08-31,0.05580753124999999,0.0134,0.0234,0.0101,0.0042,0.0189,0.05160753124999999,0
1968-09-30,0.05860690624999999,0.0403,0.028,0.003,0.0043,-0.0065,0.054306906249999995,0
1968-10-31,0.028627562500000002,0.0042,-0.0048,0.0286,0.0044,-0.0146,0.0242275625,0
1968-11-30,0.048546562499999994,0.0543,0.0234,-0.0092,0.0042,0.0175,0.04434656249999999,0
1968-12-31,0.02961181818181818,-0.0394,0.0337,-0.0001,0.0043,-0.0001,0.02531181818181818,0
1969-01-31,0.048339343749999986,-0.0125,-0.0074,0.0167,0.0053,-0.0017,0.043039343749999986,0
1969-02-28,-0.0660199375,-0.0584,-0.0392,0.0091,0.0046,-0.0236,-0.07061993750000001,0
1969-03-31,0.014692249999999995,0.0264,-0.003,-0.0051,0.0046,0.0397,0.010092249999999995,0
1969-04-30,0.00977703125,0.0146,-0.0086,-0.0003,0.0053,0.0113,0.00447703125,0
1969-05-31,0.0061557812500000015,-0.001,-0.0021,0.007,0.0048,0.017,0.001355781250000002,0
1969-06-30,-0.06772584375000001,-0.0718,-0.0537,-0.0108,0.0051,-0.023,-0.07282584375000001,0
1969-07-31,-0.0735178125,-0.07,-0.0324,0.012,0.0053,0.0171,-0.0788178125,0
1969-08-31,0.04274231249999999,0.0468,0.0093,-0.0379,0.005,0.0217,0.03774231249999999,0
1969-09-30,-0.0026685937499999965,-0.0298,0.0118,-0.0327,0.0062,0.0252,-0.008868593749999997,0
1969-10-31,0.07599399999999999,0.0506,0.0391,-0.0316,0.006,-0.0431,0.06999399999999999,0
1969-11-30,-0.01450531249999999,-0.0379,-0.0258,-0.0119,0.0052,0.0366,-0.01970531249999999,0
1969-12-31,-0.022530781249999996,-0.0263,-0.0371,-0.0286,0.0064,0.0496,-0.028930781249999996,0
1970-01-31,-0.01690040625,-0.081,0.0293,0.0313,0.006,0.006,-0.022900406249999998,1
1970-02-28,0.042653093749999996,0.0513,-0.0258,0.0393,0.0062,0.0023,0.03645309375,1
1970-03-31,0.0034873750000000026,-0.0106,-0.0232,0.0399,0.0057,-0.0036,-0.0022126249999999976,1
1970-04-30,-0.09264721875,-0.11,-0.0615,0.0618,0.005,-0.0077,-0.09764721875,1
1970-05-31,-0.03795409375,-0.0692,-0.0459,0.0333,0.0053,-0.0278,-0.04325409375,1
1970-06-30,-0.029452562499999994,-0.0579,-0.0213,0.006,0.0058,0.057,-0.035252562499999994,1
1970-07-31,0.05928875,0.0693,-0.005,0.009,0.0052,-0.0314,0.054088750000000005,1
1970-08-31,-0.013259781249999998,0.0449,0.0152,0.0115,0.0053,-0.0655,-0.018559781249999997,1
1970-09-30,0.06573731249999998,0.0418,0.0859,-0.0547,0.0054,-0.088,0.060337312499999976,1
1970-10-31,-0.01545371428571428,-0.0228,-0.0421,0.0022,0.0046,0.0942,-0.02005371428571428,1
1970-11-30,0.008083911764705885,0.046,-0.0394,0.0169,0.0046,0.0273,0.0034839117647058847,1
1970-12-31,0.01480823529411764,0.0572,0.0292,0.01,0.0042,-0.0223,0.01060823529411764,0
1971-01-31,0.07041844117647059,0.0484,0.0736,0.0133,0.0038,-0.0651,0.06661844117647059,0
1971-02-28,0.033112823529411764,0.0141,0.0186,-0.0123,0.0033,0.0079,0.029812823529411763,0
1971-03-31,0.02702378787878787,0.0413,0.0262,-0.0395,0.003,-0.0141,0.02402378787878787,0
1971-04-30,0.016207088235294115,0.0315,-0.0049,0.0069,0.0028,0.0141,0.013407088235294115,0
1971-05-31,-0.03752834285714285,-0.0398,-0.0104,-0.0144,0.0029,0.0086,-0.04042834285714285,0
1971-06-30,0.007033742857142864,-0.001,-0.0147,-0.0187,0.0037,0.0273,0.0033337428571428634,0
1971-07-31,-0.01286545714285714,-0.045,-0.0148,0.0002,0.004,-0.0235,-0.01686545714285714,0
1971-08-31,-0.0003240588235294212,0.0379,-0.0017,0.0263,0.0047,0.0361,-0.005024058823529421,0
1971-09-30,-0.038239029411764686,-0.0085,0.0051,-0.0291,0.0037,0.0212,-0.04193902941176469,0
1971-10-31,0.01787794117647059,-0.0442,-0.0176,-0.0048,0.0037,0.0047,0.01417794117647059,0
1971-11-30,-0.0021377941176470615,-0.0046,-0.0277,-0.0168,0.0037,0.0151,-0.005837794117647062,0
1971-12-31,0.08714079999999999,0.0871,0.0329,-0.004,0.0037,-0.0058,0.0834408,0
1972-01-31,0.08062034285714285,0.0249,0.0585,0.0224,0.0029,0.0017,0.07772034285714285,0
1972-02-29,0.08712173529411764,0.0287,0.013,-0.0279,0.0025,0.0254,0.08462173529411764,0
1972-03-31,0.007702764705882348,0.0063,-0.0024,-0.0161,0.0027,0.0294,0.005002764705882348,0
1972-04-30,0.00010376470588235182,0.0029,0.0011,0.0012,0.0029,0.0281,-0.002796235294117648,0
1972-05-31,-0.004555500000000003,0.0125,-0.0269,-0.027,0.003,0.0329,-0.007555500000000003,0
1972-06-30,-0.024252588235294102,-0.0243,0.0027,-0.0248,0.0029,0.019,-0.027152588235294102,0
1972-07-31,-0.050334676470588216,-0.008,-0.0287,0.0066,0.0031,0.0275,-0.053434676470588215,0
1972-08-31,-0.0019211212121212204,0.0326,-0.0403,0.0454,0.0029,-0.054,-0.00482112121212122,0
1972-09-30,-0.022298696969696975,-0.0114,-0.0265,0.0046,0.0034,0.0182,-0.025698696969696976,0
1972-10-31,0.0018622058823529498,0.0052,-0.0273,0.0134,0.004,0.0071,-0.0021377941176470502,0
1972-11-30,-0.006295147058823532,0.046,-0.012,0.0485,0.0037,-0.0509,-0.009995147058823532,0
1972-12-31,-0.031171735294117636,0.0062,-0.0195,-0.0219,0.0037,0.0492,-0.034871735294117634,0
1973-01-31,-0.011944411764705882,-0.0329,-0.0349,0.0268,0.0044,0.0373,-0.01634441176470588,0
1973-02-28,-0.023575441176470594,-0.0485,-0.0387,0.016,0.0041,0.0216,-0.027675441176470594,0
1973-03-31,-0.004241342857142849,-0.013,-0.0282,0.0262,0.0046,0.0359,-0.008841342857142848,0
1973-04-30,-0.044576057142857145,-0.0568,-0.0385,0.0541,0.0052,0.0636,-0.04977605714285714,0
1973-05-31,-0.050103771428571406,-0.0294,-0.063,0.0041,0.0051,0.0714,-0.055203771428571406,0
1973-06-30,-0.026495305555555553,-0.0157,-0.0286,0.012,0.0051,0.043,-0.03159530555555555,0
1973-07-31,0.029433138888888877,0.0505,0.0797,-0.0531,0.0064,-0.1157,0.023033138888888877,0
1973-08-31,-0.021239499999999988,-0.0382,-0.0213,0.0124,0.007,0.0346,-0.028239499999999987,0
1973-09-30,0.0375746111111111,0.0475,0.0304,0.0201,0.0068,-0.07,0.0307746111111111,0
1973-10-31,-0.04363449999999999,-0.0083,-0.0045,0.0194,0.0065,0.0687,-0.05013449999999999,0
1973-11-30,-0.12252905555555554,-0.1275,-0.0767,0.0387,0.0056,0.0866,-0.12812905555555554,0
1973-12-31,-0.049734457142857125,0.0061,-0.0535,0.0385,0.0064,0.1038,-0.05613445714285713,1
1974-01-31,0.11217277142857143,-0.0017,0.0968,0.0602,0.0063,-0.0885,0.10587277142857143,1
1974-02-28,0.005404657142857145,-0.0047,-0.0018,0.0281,0.0058,0.0032,-0.00039534285714285487,1
1974-03-31,-0.0225984,-0.0281,0.026,-0.0032,0.0056,-0.0105,-0.028198400000000002,1
1974-04-30,-0.04161802857142856,-0.0529,-0.0074,0.0085,0.0075,0.0211,-0.04911802857142856,1
1974-05-31,-0.0343880857142857,-0.0468,-0.0296,-0.0202,0.0075,-0.0039,-0.0418880857142857,1
1974-06-30,-0.002591199999999995,-0.0283,-0.0017,0.0077,0.006,0.0231,-0.008591199999999995,1
1974-07-31,-0.07510622857142857,-0.0805,0.0084,0.0516,0.007,0.0311,-0.08210622857142857,1
1974-08-31,-0.09168677142857141,-0.0935,-0.0073,0.0264,0.006,0.03,-0.09768677142857142,1
1974-09-30,-0.08503148571428572,-0.1177,0.0027,0.0558,0.0081,0.0424,-0.09313148571428571,1
1974-10-31,0.08173974285714286,0.161,-0.0346,-0.0987,0.0051,-0.0054,0.07663974285714287,1
1974-11-30,-0.05277817142857141,-0.0451,-0.0121,-0.002,0.0054,0.0213,-0.058178171428571415,1
1974-12-31,-0.07729282857142855,-0.0345,-0.0483,0.0011,0.007,0.0292,-0.08429282857142856,1
1975-01-31,0.3174266857142857,0.1366,0.1114,0.0828,0.0058,-0.1382,0.31162668571428565,1
1975-02-28,0.08478851428571427,0.0556,0.0016,-0.0444,0.0043,-0.0061,0.08048851428571427,1
1975-03-31,0.06099785714285713,0.0266,0.0378,0.0238,0.0041,-0.0204,0.05689785714285713,1
1975-04-30,0.027143514285714272,0.0423,-0.0065,-0.0114,0.0044,0.0138,0.02274351428571427,0
1975-05-31,0.05741261764705882,0.0519,0.0383,-0.041,0.0044,-0.0058,0.05301261764705882,0
1975-06-30,0.005597575757575764,0.0483,0.0087,0.0138,0.0041,0.0004,0.0014975757575757635,0
1975-07-31,-0.008864941176470584,-0.0659,0.027,0.0169,0.0048,0.0042,-0.013664941176470585,0
1975-08-31,-0.05482527272727272,-0.0285,-0.0325,-0.0095,0.0048,-0.001,-0.05962527272727272,0
1975-09-30,-0.04418030303030303,-0.0426,-0.001,0.0039,0.0053,0.0041,-0.04948030303030303,0
1975-10-31,0.023294787878787884,0.0531,-0.0403,0.0028,0.0056,-0.0016,0.017694787878787883,0
1975-11-30,-0.0024892352941176346,0.0264,-0.012,0.0203,0.0041,-0.0045,-0.006589235294117635,0
1975-12-31,-0.002514666666666669,-0.016,-0.0078,0.0169,0.0048,-0.0011,-0.007314666666666669,0
1976-01-31,0.1534501212121212,0.1216,0.0481,0.0863,0.0047,0.0445,0.1487501212121212,0
1976-02-29,0.09188948484848486,0.0032,0.0706,0.0587,0.0034,0.0038,0.08848948484848486,0
1976-03-31,-0.02593490909090908,0.0232,-0.0116,-0.0012,0.004,0.0015,-0.02993490909090908,0
1976-04-30,0.020294939393939396,-0.0149,-0.0011,-0.0016,0.0042,0.0059,0.016094939393939398,0
1976-05-31,-0.03228706060606059,-0.0134,-0.0123,-0.0136,0.0037,-0.0112,-0.03598706060606059,0
1976-06-30,0.03007857575757575,0.0405,-0.0132,0.0071,0.0043,-0.0042,0.02577857575757575,0
1976-07-31,0.04121721212121211,-0.0107,0.0029,0.0173,0.0047,-0.0013,0.03651721212121211,0
1976-08-31,0.028049794117647055,-0.0056,-0.02,0.0081,0.0042,-0.0085,0.023849794117647056,0
1976-09-30,0.0189430303030303,0.0207,-0.0002,-0.0029,0.0044,0.0022,0.014543030303030297,0
1976-10-31,-0.007245121212121217,-0.0242,0.0022,-0.0018,0.0041,-0.0044,-0.011345121212121216,0
1976-11-30,-0.0034708181818181695,0.0036,0.0232,0.0151,0.004,0.0291,-0.00747081818181817,0
1976-12-31,0.10214766666666665,0.0565,0.0303,0.0227,0.004,0.0073,0.09814766666666665,0
1977-01-31,-0.04255388235294117,-0.0405,0.0476,0.0427,0.0036,0.04,-0.04615388235294117,0
1977-02-28,0.00781540625,-0.0194,0.0104,0.0047,0.0035,0.0036,0.004315406250000001,0
1977-03-31,0.016466875000000002,-0.0137,0.01,0.0109,0.0038,0.0055,0.012666875000000003,0
1977-04-30,0.023579906250000005,0.0015,-0.0012,0.0338,0.0038,0.0421,0.019779906250000003,0
1977-05-31,0.04377715625,-0.0145,0.0118,0.0085,0.0037,0.0203,0.040077156249999996,0
1977-06-30,0.023749249999999993,0.0471,0.0209,-0.0074,0.004,0.0166,0.019749249999999993,0
1977-07-31,0.013541062500000001,-0.0169,0.0216,-0.0056,0.0042,0.0032,0.0093410625,0
1977-08-31,-0.0007783870967741913,-0.0175,0.0148,-0.027,0.0044,-0.017,-0.0051783870967741915,0
1977-09-30,-0.00962406451612903,-0.0027,0.0134,-0.0052,0.0043,0.02,-0.01392406451612903,0
1977-10-31,-0.018491806451612896,-0.0438,0.0125,0.0175,0.0049,-0.0008,-0.023391806451612894,0
1977-11-30,0.04714870967741936,0.04,0.0373,0.0026,0.005,0.0201,0.04214870967741936,0
1977-12-31,0.015163838709677416,0.0027,0.0132,-0.0029,0.0049,0.0158,0.010263838709677417,0
1978-01-31,0.006019096774193555,-0.0601,0.0224,0.0336,0.0049,-0.0066,0.0011190967741935547,0
1978-02-28,0.037927562500000005,-0.0138,0.0359,0.0083,0.0046,0.0197,0.033327562500000005,0
1978-03-31,0.06811634374999999,0.0285,0.0349,0.0118,0.0053,0.0137,0.06281634374999999,0
1978-04-30,0.06478965624999998,0.0788,0.0045,-0.0354,0.0054,0.0086,0.05938965624999998,0
1978-05-31,0.08257909375,0.0176,0.0456,-0.0052,0.0051,0.0283,0.07747909375,0
1978-06-30,0.06238503125000001,-0.0169,0.0166,0.0057,0.0054,0.0274,0.056985031250000005,0
1978-07-31,0.04285053124999999,0.0511,0.0023,-0.0115,0.0056,0.0417,0.03725053124999999,0
1978-08-31,0.09957928125000001,0.0375,0.0506,-0.0051,0.0056,0.0283,0.09397928125000002,0
1978-09-30,-0.006445903225806453,-0.0143,-0.0043,0.0189,0.0062,-0.0314,-0.012645903225806453,0
1978-10-31,-0.1474585806451613,-0.1191,-0.0986,0.0138,0.0068,-0.0846,-0.1542585806451613,0
1978-11-30,0.04096903225806451,0.0271,0.0297,-0.0215,0.007,0.0545,0.03396903225806451,0
1978-12-31,-0.0184929375,0.0088,0.0129,-0.0213,0.0078,0.0303,-0.026292937500000002,0
1979-01-31,0.1002890625,0.0423,0.0362,0.0219,0.0077,-0.0136,0.0925890625,0
1979-02-28,0.01500196969696969,-0.0356,0.0045,0.0117,0.0073,-0.0106,0.007701969696969691,0
1979-03-31,0.1096189090909091,0.0568,0.0326,-0.0071,0.0081,0.0293,0.1015189090909091,0
1979-04-30,0.05408945714285714,-0.0006,0.0215,0.0112,0.008,0.0081,0.04608945714285714,0
1979-05-31,-0.0007494571428571318,-0.0221,0.0021,0.0131,0.0082,-0.0054,-0.008949457142857133,0
1979-06-30,0.017077571428571425,0.0385,0.0117,0.0144,0.0081,0.0084,0.008977571428571425,0
1979-07-31,0.012665028571428563,0.0082,0.0128,0.0186,0.0077,-0.0107,0.004965028571428562,0
1979-08-31,0.04859922222222222,0.0553,0.0205,-0.0158,0.0077,-0.002,0.04089922222222222,0
1979-09-30,-0.0400159722222222,-0.0082,-0.0027,-0.009,0.0083,0.0528,-0.048315972222222205,0
1979-10-31,-0.09386019444444443,-0.081,-0.0337,-0.0184,0.0087,0.0201,-0.10256019444444443,0
1979-11-30,0.042072222222222226,0.0521,0.0287,-0.0329,0.0099,0.0814,0.03217222222222223,0
1979-12-31,0.08102911111111111,0.0179,0.0417,-0.021,0.0095,0.0478,0.07152911111111111,0
1980-01-31,0.09882452777777775,0.0551,0.0162,0.0175,0.008,0.0755,0.09082452777777775,0
1980-02-29,0.030165138888888884,-0.0122,-0.0185,0.0061,0.0089,0.0788,0.021265138888888882,1
1980-03-31,-0.1469299722222222,-0.129,-0.0664,-0.0101,0.0121,-0.0955,-0.1590299722222222,1
1980-04-30,0.09366619444444442,0.0397,0.0105,0.0106,0.0126,-0.0043,0.08106619444444442,1
1980-05-31,0.059240527777777774,0.0526,0.0213,0.0038,0.0081,-0.0112,0.05114052777777778,1
1980-06-30,0.05911002777777777,0.0306,0.0166,-0.0076,0.0061,0.0162,0.05301002777777777,1
1980-07-31,0.08591072222222218,0.0649,0.0414,-0.0641,0.0053,0.0039,0.08061072222222218,1
1980-08-31,0.033238388888888894,0.018,0.0392,-0.026,0.0064,0.0321,0.026838388888888894,0
1980-09-30,-0.027276972222222223,0.0219,0.0098,-0.0459,0.0075,0.0539,-0.03477697222222222,0
1980-10-31,-0.014155600000000006,0.0106,0.0247,-0.0276,0.0095,0.073,-0.023655600000000006,0
1980-11-30,-0.012318742857142843,0.0959,-0.0336,-0.0833,0.0096,0.1522,-0.02191874285714284,0
1980-12-31,-0.023329085714285713,-0.0452,-0.0026,0.0279,0.0131,-0.0668,-0.036429085714285714,0
1981-01-31,0.007997657142857145,-0.0504,0.0292,0.0672,0.0104,-0.0795,-0.002402342857142855,0
1981-02-28,0.02827644736842104,0.0057,-0.0034,0.0102,0.0107,-0.0135,0.01757644736842104,0
1981-03-31,0.060370315789473675,0.0356,0.0354,0.0064,0.0121,0.0074,0.048270315789473675,0
1981-04-30,-0.004884710526315792,-0.0211,0.044,0.0228,0.0108,-0.0091,-0.015684710526315794,0
1981-05-31,0.02662628947368421,0.0011,0.02,-0.0042,0.0115,0.037,0.015126289473684211,0
1981-06-30,-0.023449027027027024,-0.0236,-0.0083,0.0513,0.0135,-0.0581,-0.03694902702702702,0
1981-07-31,-0.024487945945945947,-0.0154,-0.0219,-0.005,0.0124,-0.0245,-0.036887945945945945,0
1981-08-31,-0.06901127027027026,-0.0704,-0.0195,0.0476,0.0128,-0.0115,-0.08181127027027027,1
1981-09-30,-0.07873578378378379,-0.0717,-0.0265,0.0517,0.0124,0.0195,-0.09113578378378379,1
1981-10-31,0.04356486486486487,0.0492,0.0223,-0.0421,0.0121,0.0401,0.03146486486486487,1
1981-11-30,0.05391626315789474,0.0336,-0.0103,0.0183,0.0107,-0.0027,0.04321626315789474,1
1981-12-31,-0.03910686842105263,-0.0365,0.012,0.0081,0.0087,0.013,-0.04780686842105263,1
1982-01-31,0.042060184210526305,-0.0324,-0.0128,0.0319,0.008,0.0172,0.034060184210526305,1
1982-02-28,-0.015418943396226407,-0.0586,0.0044,0.0605,0.0092,0.0488,-0.024618943396226407,1
1982-03-31,0.060995999999999995,-0.0187,-0.0021,0.0381,0.0098,0.0296,0.05119599999999999,1
1982-04-30,0.08096166037735848,0.0327,0.0147,-0.027,0.0113,-0.004,0.06966166037735848,1
1982-05-31,-0.03149328301886792,-0.0399,0.0052,0.0175,0.0106,0.025,-0.042093283018867916,1
1982-06-30,-0.005316679245283017,-0.0309,-0.004,0.0153,0.0096,0.0496,-0.014916679245283017,1
1982-07-31,0.01848392307692307,-0.0319,0.0083,0.0009,0.0105,0.0445,0.00798392307692307,1
1982-08-31,0.05888607843137254,0.1114,-0.0414,0.0095,0.0076,-0.0352,0.05128607843137254,1
1982-09-30,0.024644411764705883,0.0129,0.0295,0.0028,0.0051,0.0419,0.019544411764705883,1
1982-10-31,0.11093926923076922,0.113,0.0234,-0.0366,0.0059,0.0018,0.10503926923076921,1
1982-11-30,0.08899635294117647,0.0467,0.0467,-0.0187,0.0063,0.0595,0.08269635294117647,1
1982-12-31,0.010158333333333335,0.0055,-0.0022,-0.0002,0.0067,0.0004,0.003458333333333335,0
1983-01-31,0.10926523999999999,0.036,0.0273,-0.0075,0.0069,-0.0173,0.10236523999999998,0
1983-02-28,0.04747057142857142,0.0259,0.0327,0.007,0.0062,0.0377,0.04127057142857142,0
1983-03-31,0.06256012244897959,0.0282,0.0173,0.0202,0.0063,0.0092,0.056260122448979585,0
1983-04-30,0.11406224489795916,0.0667,0.005,0.0049,0.0071,0.0172,0.10696224489795916,0
1983-05-31,0.0401419375,0.0052,0.0624,-0.014,0.0069,-0.0156,0.0332419375,0
1983-06-30,0.1042255625,0.0307,0.0095,-0.039,0.0067,0.018,0.0975255625,0
1983-07-31,-0.011833000000000002,-0.0407,0.015,0.0562,0.0074,-0.0313,-0.019233,0
1983-08-31,-0.011903285714285703,-0.005,-0.0428,0.0554,0.0076,-0.0543,-0.019503285714285702,0
1983-09-30,0.011537439999999993,0.0091,0.0061,0.0101,0.0076,-0.0003,0.003937439999999993,0
1983-10-31,-0.03234443137254902,-0.0344,-0.0357,0.0497,0.0076,-0.0452,-0.03994443137254902,0
1983-11-30,0.021966192307692298,0.0216,0.0201,-0.0072,0.007,-0.0013,0.014966192307692298,0
1983-12-31,-0.020848607843137263,-0.0178,-0.0027,0.0173,0.0073,0.0084,-0.028148607843137264,0
1984-01-31,-0.02496459615384616,-0.0192,-0.0038,0.0758,0.0076,-0.0256,-0.03256459615384616,0
1984-02-29,-0.007265313725490191,-0.0482,-0.0169,0.0333,0.0071,0.0022,-0.014365313725490192,0
1984-03-31,0.013393019607843136,0.0063,0.0007,0.0046,0.0073,0.0107,0.006093019607843136,0
1984-04-30,-0.027094156862745085,-0.0051,-0.0116,0.012,0.0081,0.0207,-0.03519415686274509,0
1984-05-31,-0.03530766666666667,-0.0597,0.0006,0.0031,0.0078,0.0151,-0.04310766666666667,0
1984-06-30,0.014528307692307695,0.0182,-0.003,-0.0266,0.0075,-0.007,0.007028307692307695,0
1984-07-31,-0.05547111320754717,-0.0274,-0.0221,0.0036,0.0082,0.0285,-0.06367111320754718,0
1984-08-31,0.0555946923076923,0.1028,-0.0024,-0.0182,0.0083,-0.0559,0.0472946923076923,0
1984-09-30,-0.02089132692307692,-0.008,0.0017,0.0528,0.0086,0.0362,-0.02949132692307692,0
1984-10-31,-0.012541384615384609,-0.0084,-0.0123,0.0045,0.01,0.0316,-0.02254138461538461,0
1984-11-30,-0.03126678846153846,-0.0176,-0.0065,0.0406,0.0073,0.0164,-0.03856678846153846,0
1984-12-31,0.014870269230769227,0.0184,-0.0056,-0.0026,0.0064,0.0149,0.008470269230769226,0
1985-01-31,0.08543215384615384,0.0799,0.0331,-0.0535,0.0065,-0.0682,0.07893215384615383,0
1985-02-28,0.0365552037037037,0.0122,0.0079,-0.001,0.0058,0.0188,0.0307552037037037,0
1985-03-31,0.04119679629629629,-0.0084,-0.0108,0.0407,0.0062,0.0158,0.03499679629629629,0
1985-04-30,-0.015010314814814813,-0.0096,0.0014,0.0372,0.0072,0.0304,-0.022210314814814815,0
1985-05-31,0.016020054545454545,0.0509,-0.0222,-0.0096,0.0066,0.0399,0.009420054545454545,0
1985-06-30,0.011191218181818187,0.0127,0.0052,0.0038,0.0055,0.0357,0.005691218181818187,0
1985-07-31,0.02383714545454546,-0.0074,0.0284,-0.0162,0.0062,-0.0391,0.01763714545454546,0
1985-08-31,0.004982418181818176,-0.0102,-0.003,0.0232,0.0055,0.0185,-0.000517581818181824,0
1985-09-30,-0.03358216363636363,-0.0454,-0.0159,0.0129,0.006,0.0151,-0.039582163636363625,0
1985-10-31,-0.014208890909090915,0.0402,-0.0151,0.0075,0.0065,0.0488,-0.020708890909090914,0
1985-11-30,0.10860268518518518,0.0648,0.0025,-0.0285,0.0061,-0.0047,0.10250268518518518,0
1985-12-31,0.04751724074074073,0.0388,-0.0051,-0.0154,0.0065,-0.0023,0.04101724074074073,0
1986-01-31,0.04422677358490566,0.0065,0.0121,0.0044,0.0056,0.03,0.03862677358490566,0
1986-02-28,0.04059830188679245,0.0713,-0.0054,-0.0072,0.0053,0.0276,0.03529830188679245,0
1986-03-31,0.11502151923076923,0.0488,-0.0059,-0.0039,0.006,0.0241,0.10902151923076922,0
1986-04-30,0.06555034615384615,-0.0131,0.0278,-0.0287,0.0052,-0.0037,0.06035034615384616,0
1986-05-31,0.02385354716981132,0.0462,-0.0135,-0.0021,0.0049,0.0205,0.01895354716981132,0
1986-06-30,0.02657140384615385,0.0103,-0.0096,0.0128,0.0052,0.0507,0.02137140384615385,0
1986-07-31,-0.09194480769230769,-0.0645,-0.0336,0.047,0.0052,0.0183,-0.09714480769230768,0
1986-08-31,0.017245653846153848,0.0607,-0.0417,0.0351,0.0046,-0.0528,0.012645653846153848,0
1986-09-30,-0.051477596153846145,-0.086,0.0236,0.0322,0.0045,-0.0579,-0.05597759615384614,0
1986-10-31,0.01034305769230769,0.0466,-0.025,-0.0142,0.0046,0.0446,0.00574305769230769,0
1986-11-30,0.0034052884615384626,0.0117,-0.0191,-0.0007,0.0039,-0.0026,-0.0004947115384615372,0
1986-12-31,0.00039907692307692387,-0.0327,0.0013,0.0036,0.0049,0.0035,-0.004500923076923076,0
1987-01-31,0.07752273584905658,0.1247,-0.0181,-0.0316,0.0042,0.022,0.07332273584905659,0
1987-02-28,0.0755160754716981,0.0439,0.0349,-0.0591,0.0043,-0.0207,0.0712160754716981,0
1987-03-31,0.0365064423076923,0.0164,0.0045,0.0161,0.0047,0.0168,0.0318064423076923,0
1987-04-30,0.010386807692307687,-0.0211,-0.0169,-0.0039,0.0044,0.0022,0.005986807692307686,0
1987-05-31,0.038355865384615384,0.0011,-0.005,0.0023,0.0038,-0.0074,0.034555865384615386,0
1987-06-30,0.007525792452830186,0.0394,-0.0212,0.0104,0.0048,-0.0025,0.002725792452830186,0
1987-07-31,0.012101019230769238,0.0385,-0.0069,0.0068,0.0046,0.0272,0.007501019230769238,0
1987-08-31,0.028778096153846144,0.0352,-0.0077,-0.0093,0.0047,-0.0086,0.024078096153846144,0
1987-09-30,-0.010389403846153845,-0.0259,0.0054,0.0027,0.0045,0.0077,-0.014889403846153844,0
1987-10-31,-0.2576082884615385,-0.2324,-0.0843,0.0424,0.006,-0.0786,-0.2636082884615385,0
1987-11-30,-0.014462377358490569,-0.0777,0.0272,0.0295,0.0035,-0.0117,-0.01796237735849057,0
1987-12-31,0.03189549056603773,0.0681,0.0013,-0.0443,0.0039,0.0587,0.02799549056603773,0
1988-01-31,0.06900884905660376,0.0421,-0.0072,0.0501,0.0029,-0.0724,0.06610884905660376,0
1988-02-29,0.04745496153846153,0.0475,0.0334,-0.0171,0.0046,-0.0147,0.04285496153846153,0
1988-03-31,0.05413940384615383,-0.0227,0.0615,0.0073,0.0044,0.0058,0.04973940384615383,0
1988-04-30,0.031699423076923076,0.0056,0.01,0.0167,0.0046,0.0224,0.027099423076923077,0
1988-05-31,-0.014652666666666661,-0.0029,-0.026,0.0242,0.0051,0.0063,-0.01975266666666666,0
1988-06-30,0.04420371153846153,0.0479,0.0211,-0.0124,0.0049,-0.0293,0.03930371153846153,0
1988-07-31,-0.006416199999999998,-0.0125,-0.0025,0.0222,0.0051,0.0066,-0.011516199999999997,0
1988-08-31,-0.019018420000000005,-0.0331,0.0004,0.0215,0.0059,0.0035,-0.024918420000000004,0
1988-09-30,0.030586400000000007,0.033,-0.0131,-0.0075,0.0062,0.0027,0.024386400000000006,0
1988-10-31,0.0030739411764705866,0.0115,-0.0293,0.0205,0.0061,0.0133,-0.003026058823529414,0
1988-11-30,-0.022248557692307696,-0.0229,-0.0172,0.0141,0.0057,0.0033,-0.027948557692307696,0
1988-12-31,0.03605851923076923,0.0149,0.0195,-0.0169,0.0063,0.0049,0.029758519230769227,0
1989-01-31,0.08173740384615387,0.061,-0.0223,0.006,0.0055,-0.0016,0.07623740384615386,0
1989-02-28,0.014727169811320759,-0.0225,0.0282,0.0101,0.0061,0.0099,0.008627169811320758,0
1989-03-31,0.019640905660377354,0.0157,0.0067,0.0058,0.0067,0.0351,0.012940905660377353,0
1989-04-30,0.03839767924528302,0.0433,-0.0068,-0.0142,0.0067,0.0177,0.03169767924528302,0
1989-05-31,0.0189921320754717,0.0335,-0.0005,-0.0088,0.0079,0.0152,0.0110921320754717,0
1989-06-30,0.005834370370370365,-0.0135,-0.0102,0.0225,0.0071,0.0043,-0.0012656296296296356,0
1989-07-31,0.06651705660377356,0.072,-0.0414,-0.0279,0.007,0.0541,0.059517056603773565,0
1989-08-31,-0.03412288461538462,0.0144,0.0056,0.006,0.0074,-0.0012,-0.041522884615384614,0
1989-09-30,0.015528038461538465,-0.0076,0.0032,-0.0127,0.0065,0.034,0.009028038461538466,0
1989-10-31,-0.08131963461538462,-0.0367,-0.0323,-0.0111,0.0068,0.0132,-0.08811963461538462,0
1989-11-30,0.008110134615384608,0.0103,-0.0124,-0.0109,0.0069,0.026,0.0012101346153846077,0
1989-12-31,0.017925596153846146,0.0116,-0.0236,0.0016,0.0061,0.028,0.011825596153846145,0
1990-01-31,-0.04966326415094338,-0.0785,-0.0124,0.0085,0.0057,-0.0327,-0.05536326415094338,0
1990-02-28,0.004105833333333335,0.0111,0.0099,0.0064,0.0057,-0.0055,-0.0015941666666666656,0
1990-03-31,0.026605518518518514,0.0183,0.015,-0.0292,0.0064,0.018,0.020205518518518515,0
1990-04-30,-0.003134537037037026,-0.0336,-0.0046,-0.0259,0.0069,0.0239,-0.010034537037037026,0
1990-05-31,0.05874201818181818,0.0842,-0.0253,-0.0383,0.0068,0.0303,0.05194201818181818,0
1990-06-30,-0.015850388888888903,-0.0109,0.014,-0.0193,0.0063,0.024,-0.022150388888888903,0
1990-07-31,-0.035328839285714286,-0.019,-0.0312,-0.0003,0.0068,0.061,-0.04212883928571429,0
1990-08-31,-0.09616826315789473,-0.1015,-0.0357,0.0164,0.0066,0.0188,-0.10276826315789472,1
1990-09-30,-0.07072277586206896,-0.0612,-0.0365,0.0064,0.006,0.0578,-0.07672277586206896,1
1990-10-31,-0.009216896551724125,-0.0192,-0.0557,0.001,0.0068,0.0671,-0.016016896551724124,1
1990-11-30,0.02812483050847457,0.0635,0.0043,-0.031,0.0057,-0.0548,0.02242483050847457,1
1990-12-31,0.023376583333333326,0.0246,0.0081,-0.017,0.006,0.0029,0.017376583333333327,1
1991-01-31,0.020003,0.0469,0.0381,-0.016,0.0052,-0.0645,0.014803,1
1991-02-28,0.09190332203389828,0.0719,0.0395,-0.0058,0.0048,-0.0461,0.08710332203389828,1
1991-03-31,0.07326743333333333,0.0265,0.0393,-0.0139,0.0044,0.0287,0.06886743333333332,1
1991-04-30,0.06820889655172413,-0.0028,0.0048,0.015,0.0053,-0.0236,0.06290889655172413,0
1991-05-31,0.01905337931034483,0.0365,-0.004,-0.0052,0.0047,-0.0011,0.01435337931034483,0
1991-06-30,-0.012139315789473679,-0.0494,0.0013,0.0115,0.0042,0.0047,-0.016339315789473677,0
1991-07-31,0.06983980357142856,0.0424,-0.0092,-0.0132,0.0049,0.0432,0.06493980357142856,0
1991-08-31,0.0241070701754386,0.0232,0.0158,-0.0078,0.0046,0.0157,0.0195070701754386,0
1991-09-30,0.024432052631578948,-0.0159,0.0164,-0.0108,0.0046,0.0179,0.019832052631578948,0
1991-10-31,0.04438553571428572,0.0129,0.0081,-0.0047,0.0042,0.0306,0.040185535714285715,0
1991-11-30,0.02308378947368423,-0.0419,-0.005,-0.0189,0.0039,0.0114,0.01918378947368423,0
1991-12-31,0.04100764912280701,0.1084,-0.0224,-0.0417,0.0038,0.0819,0.03720764912280701,0
1992-01-31,0.10287105263157895,-0.0059,0.0846,0.0471,0.0034,-0.0249,0.09947105263157895,0
1992-02-29,0.04471719298245615,0.0109,0.0087,0.0647,0.0028,-0.0053,0.04191719298245615,0
1992-03-31,0.015512105263157895,-0.0266,-0.0104,0.0356,0.0034,-0.0029,0.012112105263157895,0
1992-04-30,0.012090482758620685,0.0107,-0.0606,0.0434,0.0032,-0.0258,0.008890482758620685,0
1992-05-31,-0.024102068965517247,0.003,0.0041,0.0119,0.0028,0.0021,-0.026902068965517247,0
1992-06-30,-0.037988827586206884,-0.0234,-0.0307,0.0324,0.0032,-0.0058,-0.041188827586206886,0
1992-07-31,0.01854214035087719,0.0377,-0.0047,-0.0056,0.0031,0.0156,0.01544214035087719,0
1992-08-31,0.014584172413793093,-0.0238,-0.0013,-0.011,0.0026,-0.0051,0.011984172413793093,0
1992-09-30,0.014614155172413794,0.0119,0.0054,-0.0026,0.0026,0.0149,0.012014155172413794,0
1992-10-31,0.015930050000000005,0.0102,0.0209,-0.0198,0.0023,0.0248,0.013630050000000005,0
1992-11-30,0.05794414285714285,0.0413,0.0376,-0.0135,0.0023,-0.0015,0.05564414285714285,0
1992-12-31,0.038925142857142866,0.0153,0.0169,0.0262,0.0028,0.0431,0.03612514285714287,0
1993-01-31,0.11173842857142856,0.0093,0.0189,0.0594,0.0023,0.0483,0.10943842857142856,0
1993-02-28,-0.008476031249999995,0.0012,-0.0348,0.0642,0.0022,0.0314,-0.010676031249999995,0
1993-03-31,0.08849255223880598,0.023,0.0024,0.0118,0.0025,0.0373,0.08599255223880597,0
1993-04-30,0.0630254705882353,-0.0305,-0.0067,0.0249,0.0024,0.0038,0.060625470588235295,0
1993-05-31,0.13058004347826085,0.0289,0.0204,-0.0342,0.0022,0.0022,0.12838004347826085,0
1993-06-30,-0.013741928571428563,0.0031,-0.0029,0.0275,0.0025,0.0455,-0.016241928571428563,0
1993-07-31,-0.034143200000000005,-0.0034,0.0096,0.0285,0.0024,0.0316,-0.036543200000000005,0
1993-08-31,0.04376827397260273,0.0371,0.0013,0.0013,0.0025,0.0265,0.04126827397260273,0
1993-09-30,0.034908763157894734,-0.0012,0.0304,-0.0031,0.0026,0.0337,0.032308763157894736,0
1993-10-31,0.005631358974358974,0.0141,0.0203,-0.0276,0.0022,-0.0272,0.003431358974358974,0
1993-11-30,-0.03939011392405063,-0.0189,-0.0125,-0.0074,0.0025,-0.0474,-0.041890113924050634,0
1993-12-31,0.024869172839506164,0.0165,0.0123,0.0032,0.0023,0.0236,0.022569172839506164,0
1994-01-31,0.05148158536585366,0.0287,0.0034,0.0115,0.0025,0.0,0.04898158536585366,0
1994-02-28,0.018816255813953495,-0.0255,0.028,-0.0154,0.0021,-0.003,0.016716255813953494,0
1994-03-31,-0.023790314606741567,-0.0478,-0.0108,0.016,0.0027,-0.0127,-0.026490314606741568,0
1994-04-30,-0.027833022222222226,0.0068,-0.0093,0.0166,0.0027,0.0039,-0.030533022222222227,0
1994-05-31,-0.04392530769230769,0.0058,-0.0215,0.0067,0.0031,-0.0219,-0.047025307692307686,0
1994-06-30,-0.09212410638297872,-0.0303,-0.0041,0.0167,0.0031,-0.0087,-0.09522410638297872,0
1994-07-31,0.02717123655913979,0.0282,-0.0181,0.0058,0.0028,0.0018,0.02437123655913979,0
1994-08-31,0.03393369892473118,0.0401,0.0145,-0.0251,0.0037,0.0155,0.030233698924731177,0
1994-09-30,-0.04025026881720431,-0.0231,0.0314,-0.0189,0.0037,0.0131,-0.04395026881720431,0
1994-10-31,-0.022915606382978723,0.0134,-0.0224,-0.0162,0.0038,0.0149,-0.026715606382978725,0
1994-11-30,-0.04270160638297872,-0.0404,0.0025,-0.007,0.0037,-0.0018,-0.04640160638297872,0
1994-12-31,0.0024081702127659596,0.0086,0.0022,-0.0013,0.0044,0.0348,-0.0019918297872340406,0
1995-01-31,0.03202844791666667,0.018,-0.035,0.0257,0.0042,-0.0181,0.02782844791666667,0
1995-02-28,0.02629460416666666,0.0363,-0.0066,0.0108,0.004,-0.0039,0.02229460416666666,0
1995-03-31,0.06439759375000001,0.0219,-0.0016,-0.0215,0.0046,0.0043,0.05979759375000001,0
1995-04-30,0.025371535353535358,0.0211,-0.0049,0.0171,0.0044,0.0179,0.020971535353535357,0
1995-05-31,0.020353520408163264,0.029,-0.0255,0.0229,0.0054,-0.0042,0.014953520408163263,0
1995-06-30,0.02600566326530612,0.0272,0.0318,-0.0254,0.0047,0.0293,0.02130566326530612,0
1995-07-31,0.019370179999999994,0.0372,0.0207,-0.0162,0.0045,0.0256,0.014870179999999993,0
1995-08-31,-0.007156865384615383,0.0055,0.0135,0.0279,0.0047,0.0016,-0.011856865384615382,0
1995-09-30,-0.0013661886792452854,0.0335,-0.022,-0.0004,0.0043,0.029,-0.005666188679245286,0
1995-10-31,-0.05134440566037736,-0.0152,-0.0378,-0.005,0.0047,0.0416,-0.05604440566037736,0
1995-11-30,0.025526093457943926,0.0396,-0.0109,0.0051,0.0042,-0.0068,0.021326093457943927,0
1995-12-31,-0.035728779816513755,0.0103,0.007,0.0022,0.0049,0.0252,-0.040628779816513756,0
1996-01-31,0.05405197247706421,0.0226,-0.0273,0.0038,0.0043,0.0054,0.04975197247706421,0
1996-02-29,0.029420245454545454,0.0133,0.0179,-0.0108,0.0039,0.0059,0.025520245454545454,0
1996-03-31,0.030655654545454547,0.0073,0.0149,0.0035,0.0039,-0.0184,0.026755654545454546,0
1996-04-30,0.0792837652173913,0.0206,0.0523,-0.0402,0.0046,-0.0088,0.07468376521739131,0
1996-05-31,0.027974070175438594,0.0236,0.0317,-0.0083,0.0042,0.0154,0.023774070175438596,0
1996-06-30,-0.009206888888888886,-0.0114,-0.0401,0.0235,0.004,0.0098,-0.013206888888888886,0
1996-07-31,-0.10897347457627116,-0.0597,-0.0431,0.0514,0.0045,-0.0016,-0.11347347457627116,0
1996-08-31,0.046764512820512825,0.0277,0.0244,-0.0074,0.0041,0.0001,0.042664512820512826,0
1996-09-30,-0.0034057666666666656,0.0501,-0.0098,-0.0272,0.0044,0.027,-0.007805766666666666,0
1996-10-31,-0.04227477310924369,0.0086,-0.0444,0.0494,0.0042,0.0379,-0.046474773109243694,0
1996-11-30,-0.0056804262295081995,0.0625,-0.0402,0.0139,0.0041,-0.0237,-0.009780426229508199,0
1996-12-31,-0.0371713606557377,-0.017,0.0316,0.0131,0.0046,0.0063,-0.0417713606557377,0
1997-01-31,0.05681645528455284,0.0499,-0.0195,-0.0142,0.0045,0.0196,0.052316455284552844,0
1997-02-28,0.019149528925619833,-0.0049,-0.0322,0.0567,0.0039,-0.0213,0.015249528925619833,0
1997-03-31,-0.0143519756097561,-0.0503,-0.0036,0.0339,0.0043,0.009,-0.0186519756097561,0
1997-04-30,-0.03338095161290321,0.0404,-0.0577,0.0007,0.0043,0.0484,-0.03768095161290321,0
1997-05-31,0.06176793548387095,0.0674,0.0519,-0.0413,0.0049,-0.0517,0.05686793548387095,0
1997-06-30,-0.011153200000000005,0.041,0.0122,0.0158,0.0037,0.026,-0.014853200000000006,0
1997-07-31,0.04460525984251969,0.0733,-0.0274,0.0026,0.0043,0.0377,0.04030525984251969,0
1997-08-31,0.002580396825396827,-0.0415,0.0728,0.0118,0.0041,-0.0256,-0.0015196031746031735,0
1997-09-30,0.067657512,0.0535,0.0253,0.0037,0.0044,0.0147,0.063257512,0
1997-10-31,-0.028011261904761896,-0.038,-0.0074,0.0227,0.0042,-0.0057,-0.032211261904761895,0
1997-11-30,-0.03590629133858267,0.0298,-0.0511,0.0119,0.0039,0.0033,-0.03980629133858267,0
1997-12-31,-0.059028215999999994,0.0132,-0.0249,0.0384,0.0048,0.0398,-0.063828216,0
1998-01-31,0.10129326984126984,0.0015,-0.0106,-0.0163,0.0043,0.0014,0.09699326984126984,0
1998-02-28,0.079152816,0.0704,0.0032,-0.0085,0.0039,-0.0112,0.075252816,0
1998-03-31,0.025513959677419346,0.0476,-0.0114,0.0139,0.0039,0.0215,0.021613959677419345,0
1998-04-30,-0.012993016129032257,0.0073,0.0007,0.0094,0.0043,0.0074,-0.01729301612903226,0
1998-05-31,-0.03049847826086956,-0.0307,-0.0336,0.034,0.004,0.0182,-0.03449847826086956,0
1998-06-30,-0.04384310144927536,0.0318,-0.032,-0.0197,0.0041,0.0728,-0.04794310144927536,0
1998-07-31,-0.011279043478260873,-0.0246,-0.0492,-0.0178,0.004,0.0369,-0.015279043478260873,0
1998-08-31,-0.1432227518248175,-0.1608,-0.057,0.0353,0.0043,0.0184,-0.1475227518248175,0
1998-09-30,0.002700666666666669,0.0615,0.001,-0.0342,0.0046,-0.0081,-0.001899333333333331,0
1998-10-31,0.0371500294117647,0.0713,-0.0312,-0.0223,0.0032,-0.0537,0.0339500294117647,0
1998-11-30,0.0006228592592592598,0.061,0.0122,-0.0325,0.0031,0.012,-0.00247714074074074,0
1998-12-31,-0.006630131386861319,0.0616,-0.005,-0.0419,0.0038,0.0892,-0.01043013138686132,0
1999-01-31,0.09702297841726618,0.035,0.0076,-0.046,0.0035,0.0303,0.09352297841726617,0
1999-02-28,0.008337442028985505,-0.0408,-0.0609,0.0192,0.0035,-0.001,0.004837442028985506,0
1999-03-31,0.00048239416058394255,0.0345,-0.0379,-0.0274,0.0043,-0.0127,-0.0038176058394160575,0
1999-04-30,0.1259528175182482,0.0433,0.0391,0.0246,0.0037,-0.0904,0.1222528175182482,0
1999-05-31,0.07058369343065693,-0.0246,0.0334,0.0235,0.0034,-0.0519,0.06718369343065693,0
1999-06-30,0.010236919708029197,0.0477,0.0309,-0.0319,0.004,0.0506,0.0062369197080291965,0
1999-07-31,0.051957224637681175,-0.0349,0.026,-0.0044,0.0038,0.0166,0.04815722463768118,0
1999-08-31,-0.0362375,-0.0138,-0.0094,-0.0187,0.0039,0.0312,-0.0401375,0
1999-09-30,-0.029807678832116782,-0.0279,0.0341,-0.035,0.0039,0.0647,-0.03370767883211678,0
1999-10-31,-0.02400302898550725,0.0612,-0.0664,-0.0337,0.0039,0.055,-0.027903028985507252,0
1999-11-30,-0.0010020364963503614,0.0337,0.072,-0.0611,0.0036,0.0564,-0.004602036496350361,0
1999-12-31,-0.0034060431654676267,0.0772,0.0702,-0.0832,0.0044,0.1322,-0.007806043165467627,0
2000-01-31,0.1599995109489051,-0.0474,0.0579,-0.0191,0.0041,0.0192,0.1558995109489051,0
2000-02-29,0.09468562411347517,0.0245,0.2142,-0.097,0.0043,0.182,0.09038562411347517,0
2000-03-31,0.03549263120567375,0.052,-0.1723,0.0817,0.0047,-0.0683,0.030792631205673753,0
2000-04-30,-0.01505342957746479,-0.064,-0.0668,0.0726,0.0046,-0.0839,-0.01965342957746479,0
2000-05-31,-0.027529985611510793,-0.0442,-0.0609,0.0481,0.005,-0.0898,-0.03252998561151079,0
2000-06-30,0.04978207857142858,0.0464,0.1285,-0.0843,0.004,0.166,0.045782078571428575,0
2000-07-31,-0.02014691970802919,-0.0251,-0.0306,0.083,0.0048,-0.0005,-0.02494691970802919,0
2000-08-31,0.07509619708029197,0.0703,-0.0062,-0.0138,0.005,0.0573,0.07009619708029197,0
2000-09-30,-0.0505631884057971,-0.0545,-0.0182,0.0717,0.0051,0.0197,-0.0556631884057971,0
2000-10-31,-0.0374663768115942,-0.0276,-0.0387,0.057,0.0056,-0.0448,-0.0430663768115942,0
2000-11-30,-0.06500306474820144,-0.1072,-0.0343,0.1232,0.0051,-0.0232,-0.07010306474820144,0
2000-12-31,-0.03164048148148148,0.0119,0.0072,0.0761,0.005,0.0674,-0.036640481481481475,0
2001-01-31,0.1388165851851852,0.0313,0.0669,-0.0509,0.0054,-0.253,0.1334165851851852,0
2001-02-28,-0.03354099264705883,-0.1005,-0.0079,0.1248,0.0038,0.1257,-0.03734099264705883,0
2001-03-31,0.011856074074074081,-0.0726,0.0024,0.0642,0.0042,0.0855,0.007656074074074082,0
2001-04-30,0.006451270072992708,0.0794,0.0055,-0.0468,0.0039,-0.079,0.002551270072992708,1
2001-05-31,0.08923884671532846,0.0072,0.0249,0.0338,0.0032,0.0221,0.08603884671532847,1
2001-06-30,0.0048032262773722665,-0.0194,0.0624,-0.0113,0.0028,0.0038,0.0020032262773722665,1
2001-07-31,-0.046614087591240874,-0.0213,-0.0419,0.0521,0.003,0.0558,-0.04961408759124088,1
2001-08-31,0.0018865766423357662,-0.0646,0.0248,0.023,0.0031,0.0553,-0.0012134233576642337,1
2001-09-30,-0.11741316058394159,-0.0925,-0.0623,0.0145,0.0028,0.1148,-0.12021316058394159,1
2001-10-31,0.015301321167883217,0.0246,0.0749,-0.0766,0.0022,-0.0847,0.013101321167883217,1
2001-11-30,0.07584236764705882,0.0754,-0.0047,0.0222,0.0017,-0.0869,0.07414236764705882,1
2001-12-31,0.03476426277372263,0.016,0.0473,0.0085,0.0015,0.0007,0.03326426277372263,0
2002-01-31,0.03196205109489051,-0.0144,0.0119,0.0344,0.0014,0.0375,0.030562051094890512,0
2002-02-28,0.04383565441176469,-0.0229,-0.01,0.0216,0.0013,0.0682,0.04253565441176469,0
2002-03-31,0.1103442794117647,0.0424,0.0421,0.0106,0.0013,-0.0164,0.1090442794117647,0
2002-04-30,0.04618767883211678,-0.052,0.0596,0.0388,0.0015,0.0763,0.04468767883211678,0
2002-05-31,0.018268970370370372,-0.0138,-0.0321,0.0153,0.0014,0.0316,0.016868970370370374,0
2002-06-30,-0.029324701492537308,-0.0721,0.0429,-0.0003,0.0013,0.0603,-0.030624701492537307,0
2002-07-31,-0.059639051851851844,-0.0818,-0.0528,-0.0385,0.0015,0.0377,-0.061139051851851846,0
2002-08-31,-0.021628474074074075,0.005,-0.0286,0.0329,0.0014,0.019,-0.023028474074074073,0
2002-09-30,-0.0855755447761194,-0.1035,0.024,0.0147,0.0014,0.0913,-0.08697554477611939,0
2002-10-31,-0.010272969696969699,0.0784,-0.034,-0.0394,0.0014,-0.0558,-0.011672969696969699,0
2002-11-30,-0.005925238805970153,0.0596,0.0319,-0.0121,0.0012,-0.1633,-0.0071252388059701525,0
2002-12-31,-0.0014964411764705927,-0.0576,0.0009,0.0214,0.0011,0.0964,-0.002596441176470593,0
2003-01-31,0.002287186567164175,-0.0257,0.0135,-0.0081,0.001,0.0155,0.001287186567164175,0
2003-02-28,-0.010308567164179102,-0.0188,-0.0045,-0.0138,0.0009,0.0117,-0.011208567164179102,0
2003-03-31,-0.029460639097744358,0.0109,0.0103,-0.0191,0.001,0.0148,-0.03046063909774436,0
2003-04-30,0.08917508208955223,0.0822,0.0066,0.0117,0.001,-0.0933,0.08817508208955223,0
2003-05-31,0.06166366412213739,0.0605,0.0474,0.005,0.0009,-0.107,0.06076366412213739,0
2003-06-30,0.08263848854961832,0.0142,0.0177,0.0015,0.001,-0.01,0.08163848854961832,0
2003-07-31,0.05690633082706767,0.0235,0.0505,-0.0124,0.0007,-0.0024,0.05620633082706767,0
2003-08-31,0.014433838235294106,0.0234,0.0259,0.0154,0.0007,-0.0062,0.013733838235294107,0
2003-09-30,0.060606770370370364,-0.0124,0.008,0.0015,0.0008,-0.0019,0.05980677037037036,0
2003-10-31,0.022070124087591233,0.0608,0.0269,0.0197,0.0007,0.0399,0.021370124087591234,0
2003-11-30,0.044895811594202896,0.0135,0.0207,0.0178,0.0007,0.0146,0.0441958115942029,0
2003-12-31,0.08047282222222221,0.0429,-0.0268,0.0161,0.0008,-0.0557,0.07967282222222222,0
2004-01-31,0.060205155555555556,0.0215,0.0255,0.0248,0.0007,0.0258,0.05950515555555556,0
2004-02-29,0.0580721438848921,0.014,-0.0158,0.0091,0.0006,-0.0114,0.05747214388489209,0
2004-03-31,0.022830129496402868,-0.0132,0.0172,0.0028,0.0009,0.0017,0.021930129496402866,0
2004-04-30,0.00937415328467153,-0.0183,-0.0168,-0.0309,0.0008,-0.0538,0.00857415328467153,0
2004-05-31,-0.02496322962962963,0.0117,-0.002,-0.0024,0.0006,0.015,-0.02556322962962963,0
2004-06-30,0.007942362318840572,0.0186,0.0226,0.0119,0.0008,0.0205,0.007142362318840571,0
2004-07-31,-0.026786253623188403,-0.0406,-0.0381,0.0323,0.001,-0.0229,-0.027786253623188404,0
2004-08-31,-0.03175008571428571,0.0008,-0.0149,0.01,0.0011,-0.0159,-0.03285008571428571,0
2004-09-30,0.1114531094890511,0.016,0.0302,-0.0001,0.0011,0.0549,0.1103531094890511,0
2004-10-31,0.04181092142857143,0.0143,0.0015,-0.0022,0.0011,-0.0138,0.04071092142857143,0
2004-11-30,0.04551359712230215,0.0454,0.0374,0.0142,0.0015,0.0316,0.04401359712230215,0
2004-12-31,0.0654375035971223,0.0343,-0.0003,-0.0022,0.0016,-0.0287,0.0638375035971223,0
2005-01-31,0.02917446762589929,-0.0276,-0.0172,0.0206,0.0016,0.0305,0.02757446762589929,0
2005-02-28,0.01569437499999999,0.0189,-0.0057,0.0153,0.0016,0.0337,0.014094374999999989,0
2005-03-31,-0.01653012949640288,-0.0197,-0.014,0.0204,0.0021,0.0041,-0.018630129496402883,0
2005-04-30,-0.022682287769784173,-0.0261,-0.0393,0.0006,0.0021,-0.0069,-0.024782287769784174,0
2005-05-31,-0.008722166666666665,0.0365,0.0289,-0.0064,0.0024,0.0045,-0.011122166666666664,0
2005-06-30,0.04304213138686131,0.0057,0.0259,0.0282,0.0023,0.0205,0.04074213138686131,0
2005-07-31,-0.0005978905109489101,0.0392,0.029,-0.0078,0.0024,0.0006,-0.00299789051094891,0
2005-08-31,-0.027765308823529407,-0.0122,-0.0098,0.0132,0.003,0.0208,-0.030765308823529406,0
2005-09-30,0.008574679389312976,0.0049,-0.0066,0.0072,0.0029,0.0343,0.005674679389312976,0
2005-10-31,-0.01720152985074627,-0.0202,-0.0125,0.0043,0.0027,-0.0139,-0.01990152985074627,0
2005-11-30,0.00038740909090909104,0.0361,0.01,-0.0118,0.0031,0.0035,-0.002712590909090909,0
2005-12-31,0.013598263157894731,-0.0025,-0.0042,0.002,0.0032,0.0077,0.010398263157894732,0
2006-01-31,0.06715381203007519,0.0304,0.0539,0.0108,0.0035,0.0253,0.06365381203007518,0
2006-02-28,0.035504691729323315,-0.003,-0.0038,-0.0035,0.0034,-0.0184,0.032104691729323315,0
2006-03-31,0.0015823106060605992,0.0146,0.0345,0.0059,0.0037,0.0126,-0.002117689393939401,0
2006-04-30,0.061946799999999996,0.0073,-0.0142,0.0234,0.0036,0.0064,0.0583468,0
2006-05-31,-0.03504095454545455,-0.0357,-0.0296,0.0242,0.0043,-0.037,-0.03934095454545455,0
2006-06-30,0.0021939924812030024,-0.0035,-0.0039,0.0085,0.004,0.0154,-0.0018060075187969976,0
2006-07-31,0.015999181818181822,-0.0078,-0.0398,0.0262,0.004,-0.0212,0.011999181818181822,0
2006-08-31,0.025059106870229,0.0203,0.0103,-0.0206,0.0042,-0.0338,0.020859106870229002,0
2006-09-30,-0.0024817196969696975,0.0184,-0.0136,0.0008,0.0041,-0.0096,-0.006581719696969698,0
2006-10-31,0.018649272727272723,0.0323,0.0175,-0.003,0.0041,-0.002,0.014549272727272723,0
2006-11-30,0.007173549618320611,0.0171,0.007,0.0014,0.0042,-0.0103,0.0029735496183206115,0
2006-12-31,0.03713311450381679,0.0087,-0.0115,0.0273,0.004,0.0079,0.033133114503816785,0
2007-01-31,0.03836286718749999,0.014,0.0013,-0.0069,0.0044,0.0024,0.03396286718749999,0
2007-02-28,0.011301346153846158,-0.0196,0.0118,-0.0013,0.0038,-0.0135,0.007501346153846159,0
2007-03-31,0.025309790697674417,0.0068,0.0016,-0.0096,0.0043,0.0256,0.02100979069767442,0
2007-04-30,0.03608815384615384,0.0349,-0.0215,-0.0146,0.0044,-0.0024,0.03168815384615384,0
2007-05-31,0.012283409448818887,0.0324,0.0024,-0.0065,0.0041,-0.0034,0.008183409448818887,0
2007-06-30,0.022100196850393695,-0.0196,0.0076,-0.0107,0.004,0.0051,0.018100196850393695,0
2007-07-31,-0.01380115748031496,-0.0373,-0.026,-0.0372,0.004,0.0294,-0.01780115748031496,0
2007-08-31,-0.04404775193798449,0.0092,-0.0013,-0.0186,0.0042,0.001,-0.048247751937984494,0
2007-09-30,0.00962359230769231,0.0322,-0.0222,-0.0223,0.0032,0.0463,0.00642359230769231,0
2007-10-31,0.057625792307692304,0.018,0.0013,-0.0305,0.0032,0.0502,0.0544257923076923,0
2007-11-30,-0.055112414062500004,-0.0483,-0.0292,-0.0095,0.0034,0.0099,-0.058512414062500004,0
2007-12-31,-0.0852427874015748,-0.0087,0.0012,-0.0054,0.0027,0.0663,-0.0879427874015748,0
2008-01-31,-0.023481685039370065,-0.0636,-0.0104,0.0398,0.0021,-0.0775,-0.025581685039370066,1
2008-02-29,0.006266849206349213,-0.0309,-0.0043,-0.0084,0.0013,0.061,0.004966849206349213,1
2008-03-31,-0.036918492063492056,-0.0093,0.0071,0.003,0.0017,0.0427,-0.038618492063492056,1
2008-04-30,0.004055936507936503,0.046,-0.0165,-0.0104,0.0018,-0.0031,0.0022559365079365032,1
2008-05-31,0.010632214285714292,0.0186,0.03,-0.0149,0.0018,0.0331,0.008832214285714292,1
2008-06-30,-0.076868544,-0.0844,0.012,-0.0267,0.0017,0.1275,-0.07856854399999999,1
2008-07-31,-0.035576383999999996,-0.0077,0.0261,0.0542,0.0015,-0.0513,-0.037076384,1
2008-08-31,-0.010807096774193545,0.0153,0.036,0.0159,0.0013,-0.0402,-0.012107096774193544,1
2008-09-30,-0.07231079200000001,-0.0924,-0.0123,0.0592,0.0015,0.0028,-0.07381079200000001,1
2008-10-31,-0.1328363125,-0.1723,-0.026,-0.023,0.0008,0.0785,-0.1336363125,1
2008-11-30,-0.110775390625,-0.0786,-0.0285,-0.0631,0.0003,0.0717,-0.11107539062499999,1
2008-12-31,-0.031285906249999995,0.0174,0.0346,0.0015,0.0,-0.0509,-0.031285906249999995,1
2009-01-31,0.015421609375000013,-0.0812,0.0008,-0.1129,0.0,-0.0218,0.015421609375000013,1
2009-02-28,-0.04755741860465117,-0.101,0.0005,-0.0695,0.0001,0.0441,-0.04765741860465117,1
2009-03-31,-0.010856472000000006,0.0895,0.0004,0.0348,0.0002,-0.1187,-0.011056472000000006,1
2009-04-30,0.2410938048780488,0.1018,0.0539,0.0536,0.0001,-0.343,0.2409938048780488,1
2009-05-31,0.017766714285714278,0.0521,-0.0252,0.0027,0.0,-0.1249,0.017766714285714278,1
2009-06-30,0.07158853658536588,0.0043,0.0263,-0.0273,0.0001,0.0548,0.07148853658536587,1
2009-07-31,0.06178080165289254,0.0772,0.0187,0.0484,0.0001,-0.0555,0.06168080165289254,0
2009-08-31,0.06798834920634919,0.0333,-0.0108,0.0763,0.0001,-0.0907,0.06788834920634919,0
2009-09-30,0.07604940322580644,0.0408,0.0243,0.0104,0.0001,-0.0479,0.07594940322580644,0
2009-10-31,-0.019848095238095234,-0.0259,-0.0434,-0.042,0.0,0.0261,-0.019848095238095234,0
2009-11-30,0.002369626016260163,0.0556,-0.0239,-0.0034,0.0,0.003,0.002369626016260163,0
2009-12-31,-0.0243026935483871,0.0275,0.0604,-0.0017,0.0001,0.0301,-0.0244026935483871,0
2010-01-31,0.04213030952380953,-0.0336,0.004,0.0043,0.0,-0.054,0.04213030952380953,0
2010-02-28,0.016765328,0.034,0.0119,0.0323,0.0,0.0374,0.016765328,0
2010-03-31,0.06011320472440945,0.0631,0.0148,0.0221,0.0001,0.0376,0.06001320472440945,0
2010-04-30,0.05616803968253968,0.02,0.0487,0.0289,0.0001,0.0316,0.05606803968253968,0
2010-05-31,-0.022681228346456694,-0.0789,0.0009,-0.0244,0.0001,-0.0025,-0.022781228346456694,0
2010-06-30,-0.04312088888888889,-0.0557,-0.0182,-0.047,0.0001,-0.0276,-0.04322088888888889,0
2010-07-31,0.0171778,0.0693,0.0022,-0.0033,0.0001,0.0188,0.0170778,0
2010-08-31,-0.010011222222222218,-0.0477,-0.0298,-0.0193,0.0001,-0.0006,-0.010111222222222218,0
2010-09-30,0.029782849206349202,0.0954,0.0397,-0.0318,0.0001,0.0141,0.029682849206349202,0
2010-10-31,0.027359960317460314,0.0388,0.0119,-0.0251,0.0001,0.0158,0.027259960317460315,0
2010-11-30,-0.012488301587301593,0.006,0.0374,-0.0092,0.0001,0.0266,-0.012588301587301592,0
2010-12-31,0.05383905555555555,0.0682,0.0069,0.0376,0.0001,-0.0303,0.05373905555555555,0
2011-01-31,0.05448031496062993,0.0199,-0.0245,0.0075,0.0001,-0.0029,0.05438031496062993,0
2011-02-28,0.04382443307086614,0.0349,0.0153,0.0127,0.0001,0.0199,0.04372443307086614,0
2011-03-31,0.016239999999999997,0.0046,0.0256,-0.0185,0.0001,0.034,0.016139999999999998,0
2011-04-30,0.06342946875,0.029,-0.0033,-0.0249,0.0,0.0004,0.06342946875,0
2011-05-31,-0.03482161417322834,-0.0127,-0.0067,-0.02,0.0,-0.0062,-0.03482161417322834,0
2011-06-30,-0.03236487692307692,-0.0175,-0.0015,-0.0039,0.0,0.0178,-0.03236487692307692,0
2011-07-31,-0.0037407698412698434,-0.0235,-0.0127,-0.009,0.0,0.0018,-0.0037407698412698434,0
2011-08-31,-0.033331566929133846,-0.0599,-0.0305,-0.0236,0.0001,-0.0028,-0.03343156692913385,0
2011-09-30,-0.0696983937007874,-0.0759,-0.0331,-0.0172,0.0,-0.0242,-0.0696983937007874,0
2011-10-31,0.016774744186046506,0.1135,0.0328,0.001,0.0,-0.0143,0.016774744186046506,0
2011-11-30,0.02375374418604652,-0.0028,-0.0016,-0.0045,0.0,0.0384,0.02375374418604652,0
2011-12-31,-0.004174507692307698,0.0074,-0.0059,0.0163,0.0,0.0181,-0.004174507692307698,0
2012-01-31,0.0682082890625,0.0505,0.0203,-0.0097,0.0,-0.0791,0.0682082890625,0
2012-02-29,0.10001211904761904,0.0442,-0.0185,0.0043,0.0,-0.0029,0.10001211904761904,0
2012-03-31,0.03968132558139535,0.0311,-0.0065,0.0114,0.0,0.013,0.03968132558139535,0
2012-04-30,-0.005324086614173228,-0.0085,-0.0041,-0.0078,0.0,0.0375,-0.005324086614173228,0
2012-05-31,-0.030803820312499994,-0.0619,0.0007,-0.0106,0.0001,0.0649,-0.030903820312499993,0
2012-06-30,0.034492285714285705,0.0389,0.0067,0.0062,0.0,-0.0106,0.034492285714285705,0
2012-07-31,-0.02105616666666666,0.0079,-0.0277,-0.0002,0.0,0.0304,-0.02105616666666666,0
2012-08-31,0.025790046511627897,0.0255,0.0048,0.013,0.0001,-0.0237,0.025690046511627897,0
2012-09-30,0.01752897674418604,0.0273,0.0051,0.016,0.0001,-0.0114,0.01742897674418604,0
2012-10-31,-0.022795511450381674,-0.0176,-0.0116,0.0359,0.0001,0.0014,-0.022895511450381673,0
2012-11-30,0.007719604651162781,0.0078,0.0064,-0.0084,0.0001,0.0049,0.007619604651162781,0
2012-12-31,0.019828174603174598,0.0118,0.015,0.0351,0.0001,-0.0286,0.019728174603174598,0
2013-01-31,0.101245704,0.0557,0.0033,0.0096,0.0,-0.0179,0.101245704,0
2013-02-28,0.056947224,0.0129,-0.0028,0.0011,0.0,0.0129,0.056947224,0
2013-03-31,0.0409818046875,0.0403,0.0081,-0.0019,0.0,0.0192,0.0409818046875,0
2013-04-30,0.012656453124999998,0.0155,-0.0236,0.0045,0.0,0.0022,0.012656453124999998,0
2013-05-31,0.029016176,0.028,0.0173,0.0263,0.0,-0.0202,0.029016176,0
2013-06-30,0.0014834603174603248,-0.012,0.0133,0.0003,0.0,0.0052,0.0014834603174603248,0
2013-07-31,0.033436311999999996,0.0565,0.0186,0.0057,0.0,0.0176,0.033436311999999996,0
2013-08-31,0.024086240000000002,-0.0271,0.0028,-0.0269,0.0,0.0002,0.024086240000000002,0
2013-09-30,0.04993425806451612,0.0377,0.0291,-0.0122,0.0,0.0306,0.04993425806451612,0
2013-10-31,0.06204678225806452,0.0418,-0.0156,0.0125,0.0,0.0008,0.06204678225806452,0
2013-11-30,0.014347296,0.0313,0.0129,0.0032,0.0,0.0044,0.014347296,0
2013-12-31,0.019126422764227637,0.0281,-0.0045,-0.0002,0.0,0.0002,0.019126422764227637,0
2014-01-31,0.03826578225806451,-0.0332,0.009,-0.0207,0.0,0.0171,0.03826578225806451,0
2014-02-28,0.05625703333333333,0.0465,0.0037,-0.0031,0.0,0.0207,0.05625703333333333,0
2014-03-31,0.0604828064516129,0.0043,-0.0185,0.0493,0.0,-0.0329,0.0604828064516129,0
2014-04-30,-0.01495615447154472,-0.0019,-0.042,0.0117,0.0,-0.0389,-0.01495615447154472,0
2014-05-31,-0.0038032666666666746,0.0206,-0.0188,-0.0013,0.0,0.0087,-0.0038032666666666746,0
2014-06-30,0.06527091596638655,0.0261,0.0308,-0.007,0.0,0.0069,0.06527091596638655,0
2014-07-31,0.0019757142857142994,-0.0204,-0.0429,0.0003,0.0,-0.0012,0.0019757142857142994,0
2014-08-31,-0.013561279661016952,0.0424,0.004,-0.0045,0.0,0.0082,-0.013561279661016952,0
2014-09-30,-0.015425716666666662,-0.0197,-0.0372,-0.0134,0.0,0.005,-0.015425716666666662,0
2014-10-31,0.0031809338842975193,0.0252,0.042,-0.0181,0.0,-0.0006,0.0031809338842975193,0
2014-11-30,-0.0028637120000000044,0.0255,-0.0206,-0.0309,0.0,0.0069,-0.0028637120000000044,0
2014-12-31,-0.015824682926829273,-0.0006,0.0249,0.0227,0.0,0.0112,-0.015824682926829273,0
2015-01-31,0.035734595041322315,-0.0311,-0.0055,-0.0358,0.0,0.0384,0.035734595041322315,0
2015-02-28,0.021885868852459016,0.0613,0.0061,-0.0186,0.0,-0.0282,0.021885868852459016,0
2015-03-31,-0.03423743442622952,-0.0112,0.0304,-0.0037,0.0,0.0274,-0.03423743442622952,0
2015-04-30,0.030886852459016394,0.0059,-0.0303,0.0182,0.0,-0.0727,0.030886852459016394,0
2015-05-31,-0.023266008264462804,0.0136,0.0092,-0.0114,0.0,0.0582,-0.023266008264462804,0
2015-06-30,-0.034193942148760335,-0.0153,0.029,-0.0079,0.0,0.0301,-0.034193942148760335,0
2015-07-31,-0.010663563025210088,0.0154,-0.0419,-0.0413,0.0,0.0998,-0.010663563025210088,0
2015-08-31,-0.005970175000000001,-0.0604,0.0033,0.0277,0.0,-0.0209,-0.005970175000000001,0
2015-09-30,-0.03417558333333333,-0.0307,-0.0263,0.0056,0.0,0.0522,-0.03417558333333333,0
2015-10-31,0.05311052100840334,0.0775,-0.0187,-0.0046,0.0,-0.0328,0.05311052100840334,0
2015-11-30,-0.03108944537815125,0.0056,0.0359,-0.0042,0.0,0.0228,-0.03108944537815125,0
2015-12-31,0.022251731092436975,-0.0217,-0.0282,-0.0261,0.0001,0.0336,0.022151731092436976,0
2016-01-31,-0.022525966386554613,-0.0577,-0.0343,0.0209,0.0001,0.0144,-0.022625966386554612,0
2016-02-29,0.02615675630252101,-0.0007,0.0071,-0.0057,0.0002,-0.0438,0.025956756302521013,0
2016-03-31,0.021164161016949144,0.0696,0.0082,0.0119,0.0002,-0.0501,0.020964161016949145,0
2016-04-30,-0.0009870504201680667,0.0091,0.0074,0.0328,0.0001,-0.0602,-0.0010870504201680668,0
2016-05-31,0.011329591666666665,0.0178,-0.0018,-0.0166,0.0001,0.0142,0.011229591666666665,0
2016-06-30,0.037061636363636366,-0.0005,0.006,-0.0148,0.0002,0.0413,0.03686163636363637,0
2016-07-31,0.02792216393442622,0.0395,0.0251,-0.0127,0.0002,-0.0334,0.02772216393442622,0
2016-08-31,0.02662795867768595,0.0049,0.0118,0.0313,0.0002,-0.0349,0.02642795867768595,0
2016-09-30,0.04197647154471545,0.0025,0.0213,-0.0123,0.0002,0.0019,0.04177647154471545,0
2016-10-31,-0.015862572580645162,-0.0202,-0.0442,0.0412,0.0002,0.006,-0.01606257258064516,0
2016-11-30,0.014966628099173557,0.0486,0.0567,0.0819,0.0001,-0.0462,0.014866628099173558,0
2016-12-31,0.042817766666666666,0.0181,0.0008,0.0356,0.0003,-0.0026,0.042517766666666665,0
2017-01-31,0.04080397520661157,0.0194,-0.0114,-0.0276,0.0004,-0.0093,0.04040397520661157,0
2017-02-28,0.04708648333333333,0.0357,-0.0202,-0.0168,0.0004,-0.0165,0.046686483333333334,0
2017-03-31,0.010143991596638653,0.0017,0.0114,-0.0332,0.0003,-0.0102,0.009843991596638653,0
2017-04-30,0.032577983050847456,0.0109,0.0072,-0.021,0.0005,0.0048,0.032077983050847456,0
2017-05-31,0.03296771666666667,0.0106,-0.0252,-0.0378,0.0006,0.0148,0.032367716666666664,0
2017-06-30,-0.0033933916666666606,0.0078,0.0223,0.0148,0.0006,-0.0009,-0.003993391666666661,0
2017-07-31,0.02104178333333333,0.0187,-0.0146,-0.0024,0.0007,0.0168,0.020341783333333332,0
2017-08-31,0.010125529411764695,0.0016,-0.0167,-0.0209,0.0009,0.0326,0.009225529411764695,0
2017-09-30,0.05269127118644068,0.0251,0.0446,0.0312,0.0009,-0.0132,0.05179127118644068,0
2017-10-31,0.010078809917355372,0.0225,-0.0193,0.0021,0.0009,0.0427,0.009178809917355372,0
2017-11-30,0.01639719672131147,0.0312,-0.0058,-0.0008,0.0008,-0.0087,0.015597196721311471,0
2017-12-31,0.0864616050420168,0.0106,-0.0132,0.0005,0.0009,-0.0154,0.0855616050420168,0
2018-01-31,0.02171670588235294,0.0557,-0.0315,-0.0133,0.0012,0.0405,0.02051670588235294,0
2018-02-28,-0.060925883333333326,-0.0365,0.0023,-0.0107,0.0011,0.0358,-0.06202588333333332,0
2018-03-31,0.03822855371900827,-0.0235,0.0405,-0.0023,0.0011,-0.0113,0.03712855371900827,0
2018-04-30,0.010937831932773107,0.0028,0.0114,0.0054,0.0014,0.0036,0.009537831932773107,0
2018-05-31,0.04894800826446281,0.0265,0.0526,-0.0318,0.0014,0.0389,0.04754800826446281,0
2018-06-30,0.002161134453781519,0.0048,0.0115,-0.0233,0.0014,-0.0235,0.0007611344537815192,0
2018-07-31,-0.022061825,0.0319,-0.0222,0.0047,0.0016,-0.0141,-0.023661825,0
2018-08-31,-0.005268221311475408,0.0344,0.0112,-0.0399,0.0016,0.0529,-0.006868221311475408,0
2018-09-30,-0.028209900826446272,0.0006,-0.0228,-0.0169,0.0015,0.0004,-0.029709900826446273,0
2018-10-31,-0.051255155737704915,-0.0768,-0.0477,0.0344,0.0019,-0.02,-0.053155155737704914,0
2018-11-30,-0.01323789915966386,0.0169,-0.0068,0.0027,0.0018,-0.0137,-0.015037899159663859,0
2018-12-31,-0.053419572649572644,-0.0957,-0.0238,-0.0186,0.002,0.0211,-0.055419572649572646,0
2019-01-31,0.09841675833333333,0.084,0.029,-0.0045,0.0021,-0.0868,0.09631675833333332,0
2019-02-28,0.022611805084745758,0.034,0.0205,-0.0268,0.0018,0.0086,0.020811805084745758,0
2019-03-31,0.013507897435897441,0.011,-0.0303,-0.041,0.0019,0.0221,0.01160789743589744,0
2019-04-30,0.036795466101694915,0.0397,-0.0174,0.0214,0.0021,-0.0297,0.03469546610169492,0
2019-05-31,-0.060239520661157016,-0.0694,-0.0131,-0.0234,0.0021,0.0756,-0.062339520661157014,0
2019-06-30,-0.014066923728813565,0.0693,0.0028,-0.0072,0.0018,-0.023,-0.015866923728813567,0
2019-07-31,0.01816151666666667,0.0119,-0.0193,0.0047,0.0019,0.0289,0.01626151666666667,0
2019-08-31,0.020009666666666655,-0.0258,-0.0236,-0.0476,0.0016,0.0692,0.018409666666666654,0
2019-09-30,-0.01192698333333333,0.0143,-0.0097,0.0674,0.0018,-0.0681,-0.01372698333333333,0
2019-10-31,0.026838378151260497,0.0206,0.0029,-0.0192,0.0016,0.0015,0.025238378151260496,0
2019-11-30,-5.331896551723789e-05,0.0387,0.0078,-0.0201,0.0012,-0.0266,-0.0012533189655172378,0
2019-12-31,0.02989597457627118,0.0277,0.0073,0.0176,0.0014,-0.0177,0.02849597457627118,0
2020-01-31,-0.023987491379310343,-0.0011,-0.031,-0.0622,0.0013,0.0598,-0.025287491379310342,0
2020-02-29,-0.04846281355932203,-0.0813,0.0107,-0.0379,0.0012,-0.004,-0.049662813559322026,0
2020-03-31,-0.17250288135593217,-0.1339,-0.0488,-0.1397,0.0013,0.0797,-0.17380288135593217,1
2020-04-30,0.1262345982905983,0.1365,0.0249,-0.0123,0.0,-0.0523,0.1262345982905983,1
2020-05-31,0.0842373613445378,0.0558,0.0248,-0.0489,0.0001,0.0042,0.0841373613445378,0
2020-06-30,0.00010777118644068537,0.0246,0.027,-0.0217,0.0001,-0.0073,7.771186440685363e-06,0
2020-07-31,0.038899632478632484,0.0577,-0.0232,-0.0138,0.0001,0.0761,0.03879963247863248,0
2020-08-31,0.11902635087719299,0.0763,-0.0022,-0.0295,0.0001,0.0055,0.11892635087719299,0
2020-09-30,0.012288643478260872,-0.0363,0.0004,-0.0268,0.0001,0.0314,0.012188643478260873,0
2020-10-31,-0.019767573913043478,-0.021,0.0436,0.0421,0.0001,-0.0304,-0.019867573913043477,0
2020-11-30,0.21090791304347825,0.1247,0.0582,0.0214,0.0001,-0.1243,0.21080791304347826,0
2020-12-31,0.08063211711711711,0.0463,0.0489,-0.0151,0.0001,-0.0232,0.08053211711711711,0
2021-01-31,0.1505255462184874,-0.0003,0.0734,0.0296,0.0001,0.045,0.15042554621848742,0
2021-02-28,0.19750387179487178,0.0278,0.0206,0.0718,0.0,-0.0789,0.19750387179487178,0
2021-03-31,0.06870153389830509,0.0308,-0.0237,0.074,0.0,-0.0614,0.06870153389830509,0
2021-04-30,0.028313092436974795,0.0493,-0.0319,-0.0094,0.0,0.011,0.028313092436974795,0
2021-05-31,0.03263584166666665,0.0029,-0.0025,0.0708,0.0,0.0088,0.03263584166666665,0
2021-06-30,-0.010653629310344831,0.0275,0.017,-0.0782,0.0,0.0219,-0.010653629310344831,0
2021-07-31,-0.03181184166666666,0.0127,-0.0399,-0.0176,0.0,-0.0224,-0.03181184166666666,0
2021-08-31,-0.01107928571428571,0.0291,-0.0043,-0.0016,0.0,0.0253,-0.01107928571428571,0
2021-09-30,-0.05358665546218486,-0.0437,0.0072,0.0508,0.0,0.015,-0.05358665546218486,0
2021-10-31,-0.033312839285714275,0.0665,-0.0235,-0.0048,0.0,0.032,-0.033312839285714275,0
2021-11-30,-0.07744532743362831,-0.0155,-0.0132,-0.0044,0.0,0.009,-0.07744532743362831,0
2021-12-31,-0.04903301769911504,0.031,-0.0166,0.0328,0.0001,-0.026,-0.049133017699115045,0
2022-01-31,-0.01954490265486726,-0.0625,-0.0594,0.1275,0.0,-0.0259,-0.01954490265486726,0
2022-02-28,-0.051723177570093454,-0.0229,0.0223,0.0304,0.0,0.0176,-0.051723177570093454,0
2022-03-31,-0.0299628598130841,0.0305,-0.016,-0.018,0.0001,0.03,-0.0300628598130841,0
2022-04-30,-0.06729667889908256,-0.0946,-0.0141,0.0619,0.0001,0.0489,-0.06739667889908256,0
2022-05-31,-0.07768436792452829,-0.0034,-0.0185,0.0841,0.0003,0.0248,-0.07798436792452829,0
2022-06-30,-0.05069750943396226,-0.0843,0.0209,-0.0597,0.0006,0.0079,-0.05129750943396226,0
2022-07-31,0.021356066666666663,0.0956,0.0278,-0.0408,0.0008,-0.0394,0.020556066666666664,0
